-- --------------------------------------------------------
-- Host:                         127.0.0.1
-- Versi贸n del servidor:         8.0.28 - MySQL Community Server - GPL
-- SO del servidor:              Win64
-- HeidiSQL Versi贸n:             12.0.0.6468
-- --------------------------------------------------------

/*!40101 SET @OLD_CHARACTER_SET_CLIENT=@@CHARACTER_SET_CLIENT */;
/*!40101 SET NAMES utf8 */;
/*!50503 SET NAMES utf8mb4 */;
/*!40103 SET @OLD_TIME_ZONE=@@TIME_ZONE */;
/*!40103 SET TIME_ZONE='+00:00' */;
/*!40014 SET @OLD_FOREIGN_KEY_CHECKS=@@FOREIGN_KEY_CHECKS, FOREIGN_KEY_CHECKS=0 */;
/*!40101 SET @OLD_SQL_MODE=@@SQL_MODE, SQL_MODE='NO_AUTO_VALUE_ON_ZERO' */;
/*!40111 SET @OLD_SQL_NOTES=@@SQL_NOTES, SQL_NOTES=0 */;


-- Volcando estructura de base de datos para nominas
CREATE DATABASE IF NOT EXISTS `nominas` /*!40100 DEFAULT CHARACTER SET utf8mb4 COLLATE utf8mb4_0900_ai_ci */ /*!80016 DEFAULT ENCRYPTION='N' */;
USE `nominas`;

-- Volcando estructura para tabla nominas.categorias
CREATE TABLE IF NOT EXISTS `categorias` (
  `IdCategoria` int NOT NULL DEFAULT '10',
  `NombreCategoria` varchar(75) NOT NULL,
  `SalarioBaseCategoria` double NOT NULL,
  `ComplementoCategoria` double NOT NULL,
  PRIMARY KEY (`IdCategoria`)
) ENGINE=InnoDB DEFAULT CHARSET=utf8mb4 COLLATE=utf8mb4_0900_ai_ci;

-- Volcando datos para la tabla nominas.categorias: ~14 rows (aproximadamente)
INSERT INTO `categorias` (`IdCategoria`, `NombreCategoria`, `SalarioBaseCategoria`, `ComplementoCategoria`) VALUES
	(520, 'Calefactor', 11500, 1250),
	(24890, 'Operador', 13000, 1950),
	(25446, 'Jefe de secci贸n', 19500, 3750),
	(27244, 'Jefe de servicio', 31500, 4500),
	(27496, 'Limpiador', 12500, 1200),
	(31039, 'Analista', 21500, 3750),
	(35354, 'Jefe divisi贸n', 26500, 4900),
	(48112, 'Auxiliar', 13500, 1800),
	(54115, 'Programador', 17500, 2750),
	(58223, 'Ordenanza', 16500, 1500),
	(63838, 'Administrativo', 14500, 1900),
	(66153, 'Coordinador', 32000, 5800),
	(79081, 'Cuidador', 20500, 1500),
	(98108, 'Cocinero', 15000, 1600);

-- Volcando estructura para tabla nominas.empresas
CREATE TABLE IF NOT EXISTS `empresas` (
  `IdEmpresa` int NOT NULL DEFAULT '10',
  `Nombre` varchar(100) NOT NULL,
  `CIF` varchar(10) NOT NULL,
  PRIMARY KEY (`IdEmpresa`)
) ENGINE=InnoDB DEFAULT CHARSET=utf8mb4 COLLATE=utf8mb4_0900_ai_ci;

-- Volcando datos para la tabla nominas.empresas: ~6 rows (aproximadamente)
INSERT INTO `empresas` (`IdEmpresa`, `Nombre`, `CIF`) VALUES
	(14329, 'TecnoLeonSL', 'P2272621I'),
	(25965, 'TecnoProyectSL', 'P2456841A'),
	(46081, 'TecnoLeonSL', 'P2472621I'),
	(72100, 'Asoftware', 'P2418823C'),
	(73928, 'APhonSA', 'P2463928T'),
	(86077, 'PBlankSA', 'P2492876R');

-- Volcando estructura para tabla nominas.nomina
CREATE TABLE IF NOT EXISTS `nomina` (
  `IdNomina` int NOT NULL DEFAULT '10',
  `Mes` int NOT NULL DEFAULT '10',
  `Anio` int NOT NULL DEFAULT '10',
  `NumeroTrienios` int NOT NULL DEFAULT '10',
  `ImporteTrienios` double DEFAULT NULL,
  `importeSalarioMes` double DEFAULT NULL,
  `importeComplementoMes` double DEFAULT NULL,
  `ValorProrrateo` double DEFAULT NULL,
  `brutoAnual` double DEFAULT NULL,
  `IRPF` double DEFAULT NULL,
  `ImporteIRPF` double DEFAULT NULL,
  `BaseEmpresario` double DEFAULT NULL,
  `SeguridadSocialEmpresario` double DEFAULT NULL,
  `ImporteSeguridadSocialEmpresario` double DEFAULT NULL,
  `DesempleoEmpresario` double DEFAULT NULL,
  `ImporteDesempleoEmpresario` double DEFAULT NULL,
  `FormacionEmpresario` double DEFAULT NULL,
  `ImporteFormacionEmpresario` double DEFAULT NULL,
  `AccidentesTrabajoEmpresario` double DEFAULT NULL,
  `ImporteAccidentesTrabajoEmpresario` double DEFAULT NULL,
  `FOGASAEmpresario` double DEFAULT NULL,
  `ImporteFOGASAEmpresario` double DEFAULT NULL,
  `SeguridadSocialTrabajador` double DEFAULT NULL,
  `ImporteSeguridadSocialTrabajador` double DEFAULT NULL,
  `DesempleoTrabajador` double DEFAULT NULL,
  `ImporteDesempleoTrabajador` double DEFAULT NULL,
  `FormacionTrabajador` double DEFAULT NULL,
  `ImporteFormacionTrabajador` double DEFAULT NULL,
  `BrutoNomina` double DEFAULT NULL,
  `LiquidoNomina` double DEFAULT NULL,
  `CosteTotalEmpresario` double DEFAULT NULL,
  `idTrabajador` int NOT NULL DEFAULT '10',
  PRIMARY KEY (`IdNomina`),
  KEY `idTrabajador _idx` (`idTrabajador`),
  CONSTRAINT `idTrabajador ` FOREIGN KEY (`idTrabajador`) REFERENCES `trabajadorbbdd` (`idTrabajador`)
) ENGINE=InnoDB DEFAULT CHARSET=utf8mb4 COLLATE=utf8mb4_0900_ai_ci;

-- Volcando datos para la tabla nominas.nomina: ~251 rows (aproximadamente)
INSERT INTO `nomina` (`IdNomina`, `Mes`, `Anio`, `NumeroTrienios`, `ImporteTrienios`, `importeSalarioMes`, `importeComplementoMes`, `ValorProrrateo`, `brutoAnual`, `IRPF`, `ImporteIRPF`, `BaseEmpresario`, `SeguridadSocialEmpresario`, `ImporteSeguridadSocialEmpresario`, `DesempleoEmpresario`, `ImporteDesempleoEmpresario`, `FormacionEmpresario`, `ImporteFormacionEmpresario`, `AccidentesTrabajoEmpresario`, `ImporteAccidentesTrabajoEmpresario`, `FOGASAEmpresario`, `ImporteFOGASAEmpresario`, `SeguridadSocialTrabajador`, `ImporteSeguridadSocialTrabajador`, `DesempleoTrabajador`, `ImporteDesempleoTrabajador`, `FormacionTrabajador`, `ImporteFormacionTrabajador`, `BrutoNomina`, `LiquidoNomina`, `CosteTotalEmpresario`, `idTrabajador`) VALUES
	(479, 6, 2022, 3, 50, 1250, 196.42857142857142, 0, 20950.02, 13, 194.53571428571428, 1496.4285714285713, 23.6, 412.0166666666667, 6.7, 116.97083333333335, 0.6, 10.475, 1, 17.458333333333332, 0.2, 3.4916666666666667, 4.7, 82.05416666666666, 1.6, 27.933333333333334, 0.1, 1.7458333333333333, 1496.4285714285713, 1190.1595238095238, 2056.8410714285715, 17293),
	(6052, 6, 2022, 2, 30, 964.2857142857143, 128.57142857142858, 0, 15720.039999999999, 9.75, 109.47857142857143, 1122.857142857143, 23.6, 309.16, 6.7, 87.77, 0.6, 7.859999999999999, 0.9999999999999999, 13.1, 0.2, 2.62, 4.7, 61.57, 1.6, 20.96, 0.1, 1.31, 1122.857142857143, 929.5385714285716, 1543.3671428571427, 2868),
	(6622, 5, 2021, 5, 75, 2250, 321.42857142857144, 375, 37050, 19.85, 525.3160714285715, 3087.5, 23.599999999999998, 728.65, 6.7, 206.86249999999998, 0.6, 18.525000000000002, 1, 30.875, 0.19999999999999998, 6.175, 4.7, 145.11249999999998, 1.5999999999999999, 49.4, 0.09999999999999999, 3.0875, 3087.5, 2364.5839285714283, 4078.5875000000005, 3096),
	(11310, 5, 2021, 7, 95, 1250, 196.42857142857142, 208.33333333333334, 21579.96, 13.4, 206.55142857142854, 1798.33, 23.600000000000005, 424.40666666666675, 6.7, 120.48833333333333, 0.5999999999999999, 10.79, 1, 17.983333333333334, 0.2, 3.5966666666666662, 4.7, 84.52166666666666, 1.6, 28.77333333333333, 0.1, 1.7983333333333331, 1798.33, 1476.685238095238, 2375.595, 45834),
	(34558, 6, 2022, 3, 50, 892.8571428571429, 85.71428571428571, 0, 14399.98, 8.7, 89.48571428571428, 1199.9983333333332, 23.6, 283.2, 6.7, 80.39999999999999, 0.6, 7.2, 1, 12, 0.2, 2.4, 4.7, 56.4, 1.6, 19.2, 0.1, 1.2, 1028.57, 862.2842857142856, 1413.7700000000002, 7766),
	(38785, 6, 2022, 2, 30, 928.5714285714286, 139.28571428571428, 0, 15370.039999999999, 9.75, 107.04107142857143, 1280.8366666666666, 23.6, 302.2766666666667, 6.7, 85.81583333333333, 0.6, 7.685, 0.9999999999999999, 12.808333333333332, 0.2, 2.5616666666666665, 4.7, 60.19916666666666, 1.6, 20.493333333333332, 0.1, 1.2808333333333333, 1097.86, 908.845595238095, 1509.0075, 6924),
	(38790, 6, 2022, 4, 65, 1035.7142857142858, 135.71428571428572, 0, 17310.02, 11.25, 139.09821428571428, 1236.4285714285713, 23.6, 340.43, 6.7, 96.6475, 0.6, 8.655, 1, 14.424999999999999, 0.19999999999999998, 2.885, 4.7, 67.7975, 1.5999999999999999, 23.08, 0.09999999999999999, 1.4425, 1236.4285714285713, 1005.0103571428572, 1699.4710714285713, 46663),
	(39094, 6, 2022, 5, 75, 2285.714285714286, 414.2857142857143, 0, 38850, 20.1, 557.775, 3237.5, 23.6, 764.0500000000001, 6.699999999999999, 216.9125, 0.6, 19.425, 1, 32.375, 0.2, 6.4750000000000005, 4.7, 152.1625, 1.6, 51.800000000000004, 0.1, 3.2375000000000003, 2775, 2010.0249999999996, 3814.2375, 46196),
	(41992, 6, 2022, 7, 95, 964.2857142857143, 128.57142857142858, 0, 16630.039999999997, 10.55, 125.31892857142857, 1187.857142857143, 23.6, 327.0566666666667, 6.7, 92.85083333333334, 0.6, 8.315, 1, 13.858333333333334, 0.2, 2.7716666666666665, 4.7, 65.13416666666667, 1.6, 22.173333333333332, 0.1, 1.3858333333333333, 1187.857142857143, 973.8448809523809, 1632.709642857143, 86137),
	(46429, 5, 2021, 2, 30, 1250, 196.42857142857142, 0, 20670.02, 13, 191.93571428571428, 1722.5016666666668, 23.6, 406.51000000000005, 6.7, 115.40750000000001, 0.6, 10.334999999999999, 1, 17.224999999999998, 0.2, 3.4450000000000003, 4.7, 80.9575, 1.6, 27.560000000000002, 0.1, 1.7225000000000001, 1476.43, 1174.2542857142857, 2029.3525, 97062),
	(52997, 5, 2021, 3, 50, 928.5714285714286, 139.28571428571428, 154.76190476190476, 15680.04, 9.75, 108.99107142857143, 1306.67, 23.6, 307.78333333333336, 6.7, 87.37916666666666, 0.6, 7.825, 1, 13.041666666666666, 0.2, 2.6083333333333334, 4.7, 61.29583333333333, 1.6, 20.866666666666667, 0.1, 1.3041666666666667, 1306.67, 1114.2122619047623, 1725.3075000000001, 20270),
	(56936, 5, 2021, 2, 30, 892.8571428571429, 85.71428571428571, 148.8095238095238, 14160, 8.699999999999998, 87.74571428571426, 1180, 23.6, 277.6933333333333, 6.7, 78.83666666666666, 0.6, 7.059999999999999, 1, 11.766666666666666, 0.20000000000000004, 2.353333333333333, 4.7, 55.303333333333335, 1.6000000000000003, 18.826666666666664, 0.10000000000000002, 1.1766666666666665, 1180, 1016.9476190476191, 1557.7099999999998, 98433),
	(59026, 6, 2022, 6, 88, 1071.4285714285713, 114.28571428571429, 178.57142857142858, 17846.04, 11.25, 143.29285714285712, 1487.17, 23.600000000000005, 350.69599999999997, 6.699999999999999, 99.56199999999997, 0.6, 8.915999999999999, 1, 14.859999999999998, 0.2, 2.9719999999999995, 4.7, 69.84199999999998, 1.6, 23.775999999999996, 0.1, 1.4859999999999998, 1487.17, 1248.7731428571426, 1964.1759999999997, 83301),
	(65713, 5, 2021, 1, 20, 1178.5714285714287, 107.14285714285714, 196.42857142857142, 18300, 11.95, 156.03285714285715, 1525, 23.6, 359.50666666666666, 6.7, 102.06333333333333, 0.6, 9.14, 1, 15.233333333333334, 0.2, 3.046666666666667, 4.7, 71.59666666666666, 1.6, 24.373333333333335, 0.1, 1.5233333333333334, 1525, 1271.4738095238097, 2013.99, 63143),
	(66690, 6, 2022, 3, 50, 1250, 196.42857142857142, 0, 20950.02, 13, 194.53571428571428, 1745.835, 23.6, 412.0166666666667, 6.7, 116.97083333333335, 0.6, 10.475, 1, 17.458333333333332, 0.2, 3.4916666666666667, 4.7, 82.05416666666666, 1.6, 27.933333333333334, 0.1, 1.7458333333333333, 1496.43, 1190.1609523809525, 2056.8425, 17293),
	(68959, 6, 2022, 0, 0, 1071.4285714285713, 114.28571428571429, 178.57142857142858, 16599.96, 10.55, 125.09285714285714, 1383.33, 23.6, 326.46666666666664, 6.7, 92.68333333333334, 0.6, 8.299999999999999, 1, 13.833333333333334, 0.20000000000000004, 2.766666666666667, 4.7, 65.01666666666667, 1.6000000000000003, 22.133333333333336, 0.10000000000000002, 1.3833333333333335, 1383.33, 1169.7038095238092, 1827.3799999999999, 46464),
	(70056, 5, 2021, 5, 75, 964.2857142857143, 128.57142857142858, 0, 16350.039999999999, 10.55, 123.20892857142857, 1362.5033333333333, 23.6, 321.55, 6.7, 91.28750000000001, 0.6, 8.174999999999999, 1, 13.625, 0.20000000000000004, 2.725, 4.7, 64.03750000000001, 1.6000000000000003, 21.8, 0.10000000000000002, 1.3625, 1167.86, 957.4510714285715, 1605.2224999999996, 8372),
	(77058, 5, 2021, 2, 30, 892.8571428571429, 85.71428571428571, 0, 14119.980000000001, 8.7, 87.74571428571427, 1176.6650000000002, 23.6, 277.6933333333333, 6.7, 78.83666666666666, 0.6, 7.06, 0.9999999999999999, 11.766666666666666, 0.2, 2.353333333333333, 4.7, 55.303333333333335, 1.6, 18.826666666666664, 0.1, 1.1766666666666665, 1008.57, 845.5176190476192, 1386.2799999999997, 61345),
	(77132, 5, 2021, 2, 30, 1178.5714285714287, 107.14285714285714, 0, 18419.940000000002, 11.95, 157.22785714285715, 1534.9950000000001, 23.6, 362.26, 6.700000000000001, 102.84500000000001, 0.6, 9.209999999999999, 1, 15.35, 0.2, 3.0700000000000003, 4.7, 72.145, 1.6, 24.560000000000002, 0.1, 1.5350000000000001, 1315.71, 1060.2421428571429, 1808.445, 83423),
	(89520, 5, 2021, 1, 20, 2250, 321.42857142857144, 375, 36279.96, 19.45, 504.03285714285715, 3023.33, 23.6, 713.5066666666667, 6.700000000000001, 202.56333333333336, 0.6, 18.14, 1, 30.233333333333334, 0.2, 6.046666666666667, 4.7, 142.09666666666666, 1.6, 48.373333333333335, 0.1, 3.0233333333333334, 3023.33, 2325.803809523809, 3993.8199999999997, 77000),
	(106769, 6, 2022, 4, 65, 1392.857142857143, 267.85714285714283, 0, 24159.940000000002, 15, 258.85714285714283, 1725.7142857142858, 23.6, 475.1466666666667, 6.7, 134.89333333333335, 0.6, 12.08, 1, 20.133333333333333, 0.2, 4.026666666666666, 4.7, 94.62666666666667, 1.6, 32.21333333333333, 0.1, 2.013333333333333, 1725.7142857142858, 1338.0038095238097, 2371.9942857142855, 75739),
	(119082, 5, 2021, 1, 20, 964.2857142857143, 128.57142857142858, 160.71428571428572, 15579.96, 9.75, 108.50357142857145, 1298.33, 23.6, 306.4066666666667, 6.7, 86.98833333333334, 0.6, 7.79, 1, 12.983333333333334, 0.2, 2.596666666666667, 4.7, 61.021666666666675, 1.6, 20.773333333333337, 0.1, 1.2983333333333336, 1298.33, 1106.733095238095, 1715.0949999999998, 24361),
	(131011, 5, 2021, 1, 20, 1071.4285714285713, 114.28571428571429, 0, 16879.940000000002, 10.55, 127.20285714285714, 1406.6616666666669, 23.6, 331.9733333333333, 6.7, 94.24666666666667, 0.6, 8.44, 1, 14.066666666666668, 0.2, 2.813333333333333, 4.7, 66.11333333333333, 1.6, 22.506666666666664, 0.1, 1.4066666666666665, 1205.71, 988.4804761904762, 1657.25, 35756),
	(148461, 5, 2021, 3, 50, 1178.5714285714287, 107.14285714285714, 0, 18699.940000000002, 11.95, 159.61785714285716, 1558.3283333333336, 23.6, 367.76666666666665, 6.700000000000001, 104.40833333333335, 0.6, 9.35, 1, 15.583333333333334, 0.2, 3.1166666666666667, 4.7, 73.24166666666666, 1.6, 24.933333333333334, 0.1, 1.5583333333333333, 1335.71, 1076.3588095238094, 1835.9349999999997, 22701),
	(150937, 6, 2022, 4, 65, 1392.857142857143, 267.85714285714283, 0, 24159.940000000002, 15, 258.85714285714283, 2013.3283333333336, 23.6, 475.1466666666667, 6.7, 134.89333333333335, 0.6, 12.08, 1, 20.133333333333333, 0.2, 4.026666666666666, 4.7, 94.62666666666667, 1.6, 32.21333333333333, 0.1, 2.013333333333333, 1725.71, 1337.999523809524, 2371.99, 75739),
	(160228, 6, 2022, 2, 30, 892.8571428571429, 85.71428571428571, 0, 14119.980000000001, 8.7, 87.74571428571427, 1008.5714285714286, 23.6, 277.6933333333333, 6.7, 78.83666666666666, 0.6, 7.06, 0.9999999999999999, 11.766666666666666, 0.2, 2.353333333333333, 4.7, 55.303333333333335, 1.6, 18.826666666666664, 0.1, 1.1766666666666665, 1008.5714285714286, 845.5190476190477, 1386.2814285714283, 61345),
	(169888, 6, 2022, 5, 75, 964.2857142857143, 128.57142857142858, 160.71428571428572, 16376.04, 10.55, 123.20892857142857, 1364.67, 23.6, 321.55, 6.7, 91.28750000000001, 0.6, 8.174999999999999, 1, 13.625, 0.20000000000000004, 2.725, 4.7, 64.03750000000001, 1.6000000000000003, 21.8, 0.10000000000000002, 1.3625, 1364.67, 1154.2610714285718, 1802.0324999999998, 25929),
	(173524, 5, 2021, 6, 88, 1035.7142857142858, 135.71428571428572, 172.61904761904762, 17631.96, 11.25, 141.68571428571428, 1469.33, 23.6, 346.7626666666667, 6.7, 98.44533333333334, 0.6, 8.815999999999999, 1, 14.693333333333333, 0.2, 2.9386666666666668, 4.7, 69.05866666666667, 1.6, 23.509333333333334, 0.1, 1.4693333333333334, 1469.33, 1233.6069523809524, 1940.986, 62364),
	(177961, 6, 2022, 2, 30, 1250, 196.42857142857142, 208.33333333333334, 20670, 13, 191.93571428571428, 1722.5, 23.6, 406.51000000000005, 6.7, 115.40750000000001, 0.6, 10.334999999999999, 1, 17.224999999999998, 0.2, 3.4450000000000003, 4.7, 80.9575, 1.6, 27.560000000000002, 0.1, 1.7225000000000001, 1722.5, 1420.3242857142857, 2275.4225, 13453),
	(184793, 6, 2022, 2, 30, 1250, 196.42857142857142, 0, 20670.02, 13, 191.93571428571428, 1722.5016666666668, 23.6, 406.51000000000005, 6.7, 115.40750000000001, 0.6, 10.334999999999999, 1, 17.224999999999998, 0.2, 3.4450000000000003, 4.7, 80.9575, 1.6, 27.560000000000002, 0.1, 1.7225000000000001, 1476.43, 1174.2542857142857, 2029.3525, 97062),
	(186130, 6, 2022, 5, 75, 964.2857142857143, 128.57142857142858, 0, 16350.039999999999, 10.55, 123.20892857142857, 1362.5033333333333, 23.6, 321.55, 6.7, 91.28750000000001, 0.6, 8.174999999999999, 1, 13.625, 0.20000000000000004, 2.725, 4.7, 64.03750000000001, 1.6000000000000003, 21.8, 0.10000000000000002, 1.3625, 1167.86, 957.4510714285715, 1605.2224999999996, 8372),
	(195091, 5, 2021, 3, 50, 928.5714285714286, 139.28571428571428, 154.76190476190476, 15650.04, 9.75, 108.99107142857143, 1304.17, 23.6, 307.78333333333336, 6.7, 87.37916666666666, 0.6, 7.825, 1, 13.041666666666666, 0.2, 2.6083333333333334, 4.7, 61.29583333333333, 1.6, 20.866666666666667, 0.1, 1.3041666666666667, 1304.17, 1111.7122619047623, 1722.8075000000001, 3887),
	(212883, 6, 2022, 0, 0, 1250, 196.42857142857142, 0, 20250.02, 13, 188.03571428571428, 1446.4285714285713, 23.6, 398.25, 6.7, 113.0625, 0.6, 10.125, 1, 16.875, 0.2, 3.375, 4.7, 79.3125, 1.6, 27, 0.1, 1.6875, 1446.4285714285713, 1150.392857142857, 1988.1160714285713, 56738),
	(220548, 6, 2022, 0, 0, 1892.857142857143, 350, 0, 31400.04, 18, 403.7142857142857, 2242.8571428571427, 23.6, 617.5333333333333, 6.700000000000001, 175.3166666666667, 0.6, 15.700000000000001, 1, 26.166666666666668, 0.2, 5.233333333333333, 4.7, 122.98333333333333, 1.6, 41.86666666666667, 0.1, 2.6166666666666667, 2242.8571428571427, 1671.6761904761902, 3082.807142857142, 10378),
	(222390, 6, 2022, 3, 50, 964.2857142857143, 128.57142857142858, 0, 16000.039999999999, 10.55, 120.57142857142857, 1333.3366666666666, 23.6, 314.6666666666667, 6.7, 89.33333333333333, 0.6, 8, 1, 13.333333333333334, 0.2, 2.6666666666666665, 4.7, 62.666666666666664, 1.6, 21.333333333333332, 0.1, 1.3333333333333333, 1142.86, 936.9552380952381, 1570.86, 19942),
	(228321, 6, 2022, 2, 30, 1178.5714285714287, 107.14285714285714, 0, 18419.940000000002, 11.95, 157.22785714285715, 1315.7142857142858, 23.6, 362.26, 6.700000000000001, 102.84500000000001, 0.6, 9.209999999999999, 1, 15.35, 0.2, 3.0700000000000003, 4.7, 72.145, 1.6, 24.560000000000002, 0.1, 1.5350000000000001, 1315.7142857142858, 1060.2464285714286, 1808.4492857142857, 15259),
	(231777, 6, 2022, 2, 30, 1178.5714285714287, 107.14285714285714, 0, 18419.940000000002, 11.95, 157.22785714285715, 1534.9950000000001, 23.6, 362.26, 6.700000000000001, 102.84500000000001, 0.6, 9.209999999999999, 1, 15.35, 0.2, 3.0700000000000003, 4.7, 72.145, 1.6, 24.560000000000002, 0.1, 1.5350000000000001, 1315.71, 1060.2421428571429, 1808.445, 15259),
	(232479, 6, 2022, 3, 50, 892.8571428571429, 85.71428571428571, 0, 14399.98, 8.7, 89.48571428571428, 1028.5714285714287, 23.6, 283.2, 6.7, 80.39999999999999, 0.6, 7.2, 1, 12, 0.2, 2.4, 4.7, 56.4, 1.6, 19.2, 0.1, 1.2, 1028.5714285714287, 862.2857142857143, 1413.771428571429, 7766),
	(232533, 6, 2022, 4, 65, 1250, 196.42857142857142, 208.33333333333334, 21159.96, 13.4, 202.53142857142856, 1763.33, 23.6, 416.1466666666667, 6.7, 118.14333333333333, 0.6, 10.58, 1, 17.633333333333333, 0.2, 3.526666666666667, 4.7, 82.87666666666667, 1.6, 28.213333333333335, 0.1, 1.7633333333333334, 1763.33, 1447.9452380952382, 2329.3599999999997, 52738),
	(238769, 6, 2022, 3, 50, 928.5714285714286, 139.28571428571428, 154.76190476190476, 15650.04, 9.75, 108.99107142857143, 1304.17, 23.6, 307.78333333333336, 6.7, 87.37916666666666, 0.6, 7.825, 1, 13.041666666666666, 0.2, 2.6083333333333334, 4.7, 61.29583333333333, 1.6, 20.866666666666667, 0.1, 1.3041666666666667, 1304.17, 1111.7122619047623, 1722.8075000000001, 20270),
	(239112, 6, 2022, 4, 65, 1035.7142857142858, 135.71428571428572, 0, 17310.02, 11.25, 139.09821428571428, 1442.5016666666668, 23.6, 340.43, 6.7, 96.6475, 0.6, 8.655, 1, 14.424999999999999, 0.19999999999999998, 2.885, 4.7, 67.7975, 1.5999999999999999, 23.08, 0.09999999999999999, 1.4425, 1236.43, 1005.0117857142859, 1699.4725, 2275),
	(239651, 6, 2022, 1, 20, 1071.4285714285713, 114.28571428571429, 0, 16879.940000000002, 10.55, 127.20285714285714, 1205.7142857142858, 23.6, 331.9733333333333, 6.7, 94.24666666666667, 0.6, 8.44, 1, 14.066666666666668, 0.2, 2.813333333333333, 4.7, 66.11333333333333, 1.6, 22.506666666666664, 0.1, 1.4066666666666665, 1205.7142857142858, 988.484761904762, 1657.2542857142857, 46222),
	(240614, 6, 2022, 0, 0, 1535.7142857142858, 267.85714285714283, 0, 25249.98, 15.5, 279.55357142857144, 2104.165, 23.6, 496.5833333333333, 6.7, 140.97916666666666, 0.6, 12.625, 1, 21.041666666666668, 0.2, 4.208333333333333, 4.7, 98.89583333333333, 1.6, 33.666666666666664, 0.1, 2.1041666666666665, 1803.57, 1389.3497619047616, 2479.0074999999997, 31722),
	(253099, 6, 2022, 7, 95, 1250, 196.42857142857142, 0, 21580.02, 13.4, 206.55142857142854, 1541.4285714285713, 23.600000000000005, 424.40666666666675, 6.7, 120.48833333333333, 0.5999999999999999, 10.79, 1, 17.983333333333334, 0.2, 3.5966666666666662, 4.7, 84.52166666666666, 1.6, 28.77333333333333, 0.1, 1.7983333333333331, 1541.4285714285713, 1219.7838095238094, 2118.6935714285714, 882),
	(255271, 6, 2022, 3, 50, 928.5714285714286, 139.28571428571428, 154.76190476190476, 15680.04, 9.75, 108.99107142857143, 1306.67, 23.6, 307.78333333333336, 6.7, 87.37916666666666, 0.6, 7.825, 1, 13.041666666666666, 0.2, 2.6083333333333334, 4.7, 61.29583333333333, 1.6, 20.866666666666667, 0.1, 1.3041666666666667, 1306.67, 1114.2122619047623, 1725.3075000000001, 3887),
	(255660, 6, 2022, 2, 30, 892.8571428571429, 85.71428571428571, 148.8095238095238, 14120.04, 8.699999999999998, 87.74571428571426, 1176.67, 23.6, 277.6933333333333, 6.7, 78.83666666666666, 0.6, 7.059999999999999, 1, 11.766666666666666, 0.20000000000000004, 2.353333333333333, 4.7, 55.303333333333335, 1.6000000000000003, 18.826666666666664, 0.10000000000000002, 1.1766666666666665, 1176.67, 1013.6176190476192, 1554.3799999999999, 98433),
	(264087, 6, 2022, 5, 75, 928.5714285714286, 139.28571428571428, 0, 16000.039999999999, 10.55, 120.57142857142857, 1142.857142857143, 23.6, 314.6666666666667, 6.7, 89.33333333333333, 0.6, 8, 1, 13.333333333333334, 0.2, 2.6666666666666665, 4.7, 62.666666666666664, 1.6, 21.333333333333332, 0.1, 1.3333333333333333, 1142.857142857143, 936.9523809523811, 1570.857142857143, 29351),
	(269787, 5, 2021, 2, 30, 892.8571428571429, 85.71428571428571, 0, 14119.980000000001, 8.7, 87.74571428571427, 1176.6650000000002, 23.6, 277.6933333333333, 6.7, 78.83666666666666, 0.6, 7.06, 0.9999999999999999, 11.766666666666666, 0.2, 2.353333333333333, 4.7, 55.303333333333335, 1.6, 18.826666666666664, 0.1, 1.1766666666666665, 1008.57, 845.5176190476192, 1386.2799999999997, 73905),
	(271107, 5, 2021, 2, 30, 1035.7142857142858, 135.71428571428572, 172.61904761904762, 16820.04, 10.55, 126.75071428571428, 1401.67, 23.6, 330.79333333333335, 6.7, 93.91166666666668, 0.6, 8.41, 1, 14.016666666666666, 0.2, 2.8033333333333332, 4.7, 65.87833333333333, 1.6, 22.426666666666666, 0.1, 1.4016666666666666, 1401.67, 1185.212619047619, 1851.605, 22223),
	(279219, 5, 2021, 3, 50, 1535.7142857142858, 267.85714285714283, 0, 25949.98, 15.5, 287.30357142857144, 2162.4983333333334, 23.6, 510.34999999999997, 6.7, 144.88750000000002, 0.6, 12.975, 1, 21.625, 0.2, 4.325, 4.7, 101.6375, 1.6, 34.6, 0.1, 2.1625, 1853.57, 1427.8664285714285, 2547.7324999999996, 75225),
	(280167, 6, 2022, 7, 95, 1250, 196.42857142857142, 208.33333333333334, 21579.96, 13.4, 206.55142857142854, 1798.33, 23.600000000000005, 424.40666666666675, 6.7, 120.48833333333333, 0.5999999999999999, 10.79, 1, 17.983333333333334, 0.2, 3.5966666666666662, 4.7, 84.52166666666666, 1.6, 28.77333333333333, 0.1, 1.7983333333333331, 1798.33, 1476.685238095238, 2375.595, 58566),
	(284260, 6, 2022, 7, 95, 928.5714285714286, 139.28571428571428, 0, 16280.039999999999, 10.55, 122.68142857142857, 1162.857142857143, 23.6, 320.17333333333335, 6.7, 90.89666666666666, 0.6, 8.14, 1.0000000000000002, 13.566666666666668, 0.2, 2.7133333333333334, 4.7, 63.76333333333333, 1.6, 21.706666666666667, 0.1, 1.3566666666666667, 1162.857142857143, 953.3490476190477, 1598.3471428571431, 65861),
	(289063, 6, 2022, 5, 75, 928.5714285714286, 139.28571428571428, 0, 16000.039999999999, 10.55, 120.57142857142857, 1333.3366666666666, 23.6, 314.6666666666667, 6.7, 89.33333333333333, 0.6, 8, 1, 13.333333333333334, 0.2, 2.6666666666666665, 4.7, 62.666666666666664, 1.6, 21.333333333333332, 0.1, 1.3333333333333333, 1142.86, 936.9552380952381, 1570.86, 98283),
	(291729, 6, 2022, 0, 0, 1892.857142857143, 350, 0, 31400.04, 18, 403.7142857142857, 2616.67, 23.6, 617.5333333333333, 6.700000000000001, 175.3166666666667, 0.6, 15.700000000000001, 1, 26.166666666666668, 0.2, 5.233333333333333, 4.7, 122.98333333333333, 1.6, 41.86666666666667, 0.1, 2.6166666666666667, 2242.86, 1671.6790476190477, 3082.8099999999995, 10378),
	(294285, 5, 2021, 3, 50, 1178.5714285714287, 107.14285714285714, 196.42857142857142, 18729.96, 11.95, 159.61785714285716, 1560.83, 23.6, 367.76666666666665, 6.700000000000001, 104.40833333333335, 0.6, 9.35, 1, 15.583333333333334, 0.2, 3.1166666666666667, 4.7, 73.24166666666666, 1.6, 24.933333333333334, 0.1, 1.5583333333333333, 1560.83, 1301.4788095238093, 2061.055, 42107),
	(296073, 6, 2022, 5, 75, 928.5714285714286, 139.28571428571428, 0, 16000.039999999999, 10.55, 120.57142857142857, 1333.3366666666666, 23.6, 314.6666666666667, 6.7, 89.33333333333333, 0.6, 8, 1, 13.333333333333334, 0.2, 2.6666666666666665, 4.7, 62.666666666666664, 1.6, 21.333333333333332, 0.1, 1.3333333333333333, 1142.86, 936.9552380952381, 1570.86, 29351),
	(297155, 6, 2022, 2, 30, 1071.4285714285713, 114.28571428571429, 0, 17019.940000000002, 11.25, 136.76785714285714, 1418.3283333333336, 23.6, 334.72666666666663, 6.699999999999999, 95.02833333333332, 0.6, 8.51, 1, 14.183333333333332, 0.2, 2.8366666666666664, 4.7, 66.66166666666668, 1.6, 22.69333333333333, 0.1, 1.4183333333333332, 1215.71, 988.1688095238096, 1670.9950000000001, 35756),
	(298681, 6, 2022, 0, 0, 1250, 196.42857142857142, 208.33333333333334, 20250, 13, 188.03571428571428, 1687.5, 23.6, 398.25, 6.7, 113.0625, 0.6, 10.125, 1, 16.875, 0.2, 3.375, 4.7, 79.3125, 1.6, 27, 0.1, 1.6875, 1687.5, 1391.4642857142858, 2229.1875, 38821),
	(303984, 6, 2022, 1, 20, 2285.714285714286, 414.2857142857143, 0, 38080, 20.1, 546.72, 2720, 23.599999999999998, 748.9066666666666, 6.7, 212.61333333333334, 0.6, 19.04, 1, 31.733333333333334, 0.2, 6.346666666666667, 4.7, 149.14666666666668, 1.6, 50.77333333333333, 0.1, 3.1733333333333333, 2720, 1970.1866666666667, 3738.64, 44060),
	(304152, 6, 2022, 5, 75, 928.5714285714286, 139.28571428571428, 154.76190476190476, 16026, 10.55, 120.57142857142858, 1335.5, 23.6, 314.6666666666667, 6.700000000000001, 89.33333333333336, 0.6, 8, 1.0000000000000002, 13.333333333333336, 0.20000000000000004, 2.6666666666666674, 4.7, 62.66666666666668, 1.6000000000000003, 21.33333333333334, 0.10000000000000002, 1.3333333333333337, 1335.5, 1129.595238095238, 1763.5, 22899),
	(312139, 6, 2022, 4, 65, 1392.857142857143, 267.85714285714283, 0, 24159.940000000002, 15, 258.85714285714283, 2013.3283333333336, 23.6, 475.1466666666667, 6.7, 134.89333333333335, 0.6, 12.08, 1, 20.133333333333333, 0.2, 4.026666666666666, 4.7, 94.62666666666667, 1.6, 32.21333333333333, 0.1, 2.013333333333333, 1725.71, 1337.999523809524, 2371.99, 78351),
	(313503, 5, 2021, 0, 0, 1250, 196.42857142857142, 208.33333333333334, 20250, 13, 188.03571428571428, 1687.5, 23.6, 398.25, 6.7, 113.0625, 0.6, 10.125, 1, 16.875, 0.2, 3.375, 4.7, 79.3125, 1.6, 27, 0.1, 1.6875, 1687.5, 1391.4642857142858, 2229.1875, 38821),
	(319450, 5, 2021, 2, 30, 1178.5714285714287, 107.14285714285714, 0, 18419.940000000002, 11.95, 157.22785714285715, 1534.9950000000001, 23.6, 362.26, 6.700000000000001, 102.84500000000001, 0.6, 9.209999999999999, 1, 15.35, 0.2, 3.0700000000000003, 4.7, 72.145, 1.6, 24.560000000000002, 0.1, 1.5350000000000001, 1315.71, 1060.2421428571429, 1808.445, 15259),
	(319776, 6, 2022, 4, 65, 1464.2857142857142, 107.14285714285714, 0, 22910.02, 13.85, 226.64535714285714, 1636.4285714285713, 23.6, 450.56333333333333, 6.7, 127.91416666666667, 0.6, 11.455, 1, 19.091666666666665, 0.2, 3.8183333333333334, 4.7, 89.73083333333334, 1.6, 30.546666666666667, 0.1, 1.9091666666666667, 1636.4285714285713, 1287.5965476190477, 2249.271071428571, 15923),
	(325881, 5, 2021, 5, 75, 1535.7142857142858, 267.85714285714283, 255.95238095238096, 26300.04, 16.000000000000004, 300.5714285714286, 2191.67, 23.6, 517.2333333333335, 6.7, 146.8416666666667, 0.6, 13.15, 1.0000000000000002, 21.91666666666667, 0.2, 4.383333333333334, 4.7, 103.00833333333334, 1.6, 35.06666666666667, 0.1, 2.191666666666667, 2191.67, 1750.831904761905, 2895.195, 25499),
	(328040, 5, 2021, 1, 20, 1392.857142857143, 267.85714285714283, 232.14285714285714, 23529.96, 14.25, 239.50178571428572, 1960.83, 23.6, 462.75666666666666, 6.7, 131.37583333333333, 0.6, 11.765, 1, 19.608333333333334, 0.2, 3.921666666666667, 4.7, 92.15916666666668, 1.6, 31.373333333333335, 0.1, 1.9608333333333334, 1960.83, 1595.8348809523811, 2590.2574999999997, 27136),
	(329253, 6, 2022, 3, 50, 1178.5714285714287, 107.14285714285714, 0, 18699.940000000002, 11.95, 159.61785714285716, 1335.7142857142858, 23.6, 367.76666666666665, 6.700000000000001, 104.40833333333335, 0.6, 9.35, 1, 15.583333333333334, 0.2, 3.1166666666666667, 4.7, 73.24166666666666, 1.6, 24.933333333333334, 0.1, 1.5583333333333333, 1335.7142857142858, 1076.3630952380952, 1835.9392857142855, 22701),
	(345249, 5, 2021, 2, 30, 2285.714285714286, 414.2857142857143, 0, 38220, 20.1, 548.73, 3185, 23.6, 751.66, 6.699999999999999, 213.39499999999998, 0.6, 19.11, 1, 31.849999999999998, 0.2, 6.37, 4.7, 149.695, 1.6, 50.96, 0.1, 3.185, 2730, 1977.4299999999998, 3752.3849999999998, 57231),
	(348666, 5, 2021, 1, 20, 928.5714285714286, 139.28571428571428, 0, 15230.039999999999, 9.75, 106.06607142857142, 1269.1699999999998, 23.6, 299.52333333333337, 6.7, 85.03416666666666, 0.6, 7.614999999999999, 1.0000000000000002, 12.691666666666668, 0.2, 2.5383333333333336, 4.7, 59.65083333333333, 1.6, 20.30666666666667, 0.1, 1.2691666666666668, 1087.86, 900.5672619047618, 1495.2624999999998, 90464),
	(350230, 5, 2021, 3, 50, 1035.7142857142858, 135.71428571428572, 0, 17100.02, 11.25, 137.41071428571428, 1425.0016666666668, 23.6, 336.3, 6.7, 95.47500000000001, 0.6, 8.549999999999999, 1, 14.25, 0.20000000000000004, 2.85, 4.7, 66.97500000000001, 1.6000000000000003, 22.8, 0.10000000000000002, 1.425, 1221.43, 992.819285714286, 1678.8549999999998, 2275),
	(352017, 5, 2021, 4, 65, 1464.2857142857142, 107.14285714285714, 0, 22910.02, 13.85, 226.64535714285714, 1909.1683333333333, 23.6, 450.56333333333333, 6.7, 127.91416666666667, 0.6, 11.455, 1, 19.091666666666665, 0.2, 3.8183333333333334, 4.7, 89.73083333333334, 1.6, 30.546666666666667, 0.1, 1.9091666666666667, 1636.43, 1287.5979761904764, 2249.2724999999996, 73146),
	(366544, 6, 2022, 2, 30, 1250, 196.42857142857142, 0, 20670.02, 13, 191.93571428571428, 1476.4285714285713, 23.6, 406.51000000000005, 6.7, 115.40750000000001, 0.6, 10.334999999999999, 1, 17.224999999999998, 0.2, 3.4450000000000003, 4.7, 80.9575, 1.6, 27.560000000000002, 0.1, 1.7225000000000001, 1476.4285714285713, 1174.252857142857, 2029.3510714285712, 97062),
	(367117, 6, 2022, 3, 50, 928.5714285714286, 139.28571428571428, 0, 15650.039999999999, 9.75, 108.99107142857143, 1304.1699999999998, 23.6, 307.78333333333336, 6.7, 87.37916666666666, 0.6, 7.825, 1, 13.041666666666666, 0.2, 2.6083333333333334, 4.7, 61.29583333333333, 1.6, 20.866666666666667, 0.1, 1.3041666666666667, 1117.86, 925.402261904762, 1536.4975, 78773),
	(368264, 6, 2022, 6, 88, 1535.7142857142858, 267.85714285714283, 255.95238095238096, 26481.96, 16, 302.65142857142854, 2206.83, 23.6, 520.8126666666667, 6.7, 147.85783333333333, 0.6, 13.241, 1, 22.06833333333333, 0.2, 4.413666666666667, 4.7, 103.72116666666666, 1.6, 35.309333333333335, 0.1, 2.2068333333333334, 2206.83, 1762.9412380952383, 2915.2235, 25499),
	(372157, 6, 2022, 3, 50, 964.2857142857143, 128.57142857142858, 0, 16000.039999999999, 10.55, 120.57142857142857, 1333.3366666666666, 23.6, 314.6666666666667, 6.7, 89.33333333333333, 0.6, 8, 1, 13.333333333333334, 0.2, 2.6666666666666665, 4.7, 62.666666666666664, 1.6, 21.333333333333332, 0.1, 1.3333333333333333, 1142.86, 936.9552380952381, 1570.86, 68402),
	(375175, 6, 2022, 5, 75, 2285.714285714286, 414.2857142857143, 0, 38850, 20.1, 557.775, 2775, 23.6, 764.0500000000001, 6.699999999999999, 216.9125, 0.6, 19.425, 1, 32.375, 0.2, 6.4750000000000005, 4.7, 152.1625, 1.6, 51.800000000000004, 0.1, 3.2375000000000003, 2775, 2010.0249999999996, 3814.2375, 46196),
	(377377, 5, 2021, 4, 65, 1035.7142857142858, 135.71428571428572, 172.61904761904762, 17310, 11.25, 139.0982142857143, 1442.5, 23.6, 340.4300000000001, 6.699999999999999, 96.64750000000002, 0.6, 8.655000000000001, 1, 14.425000000000002, 0.20000000000000004, 2.885000000000001, 4.7, 67.79750000000001, 1.6000000000000003, 23.08000000000001, 0.10000000000000002, 1.4425000000000006, 1442.5, 1211.0817857142856, 1905.5425, 30100),
	(382572, 6, 2022, 2, 30, 928.5714285714286, 139.28571428571428, 0, 15370.039999999999, 9.75, 107.04107142857143, 1280.8366666666666, 23.6, 302.2766666666667, 6.7, 85.81583333333333, 0.6, 7.685, 0.9999999999999999, 12.808333333333332, 0.2, 2.5616666666666665, 4.7, 60.19916666666666, 1.6, 20.493333333333332, 0.1, 1.2808333333333333, 1097.86, 908.845595238095, 1509.0075, 30618),
	(383368, 6, 2022, 2, 30, 1250, 196.42857142857142, 208.33333333333334, 20670, 13, 191.93571428571428, 1722.5, 23.6, 406.51000000000005, 6.7, 115.40750000000001, 0.6, 10.334999999999999, 1, 17.224999999999998, 0.2, 3.4450000000000003, 4.7, 80.9575, 1.6, 27.560000000000002, 0.1, 1.7225000000000001, 1722.5, 1420.3242857142857, 2275.4225, 3048),
	(390012, 6, 2022, 1, 20, 2250, 321.42857142857144, 375, 36300, 19.45, 504.03285714285715, 3025, 23.6, 713.5066666666667, 6.700000000000001, 202.56333333333336, 0.6, 18.14, 1, 30.233333333333334, 0.2, 6.046666666666667, 4.7, 142.09666666666666, 1.6, 48.373333333333335, 0.1, 3.0233333333333334, 3025, 2327.473809523809, 3995.49, 77000),
	(390755, 6, 2022, 2, 30, 1178.5714285714287, 107.14285714285714, 0, 18419.940000000002, 11.95, 157.22785714285715, 1534.9950000000001, 23.6, 362.26, 6.700000000000001, 102.84500000000001, 0.6, 9.209999999999999, 1, 15.35, 0.2, 3.0700000000000003, 4.7, 72.145, 1.6, 24.560000000000002, 0.1, 1.5350000000000001, 1315.71, 1060.2421428571429, 1808.445, 74758),
	(406103, 6, 2022, 3, 50, 1178.5714285714287, 107.14285714285714, 196.42857142857142, 18699.96, 11.95, 159.61785714285716, 1558.33, 23.6, 367.76666666666665, 6.700000000000001, 104.40833333333335, 0.6, 9.35, 1, 15.583333333333334, 0.2, 3.1166666666666667, 4.7, 73.24166666666666, 1.6, 24.933333333333334, 0.1, 1.5583333333333333, 1558.33, 1298.9788095238093, 2058.555, 42107),
	(406218, 6, 2022, 0, 0, 1464.2857142857142, 107.14285714285714, 244.04761904761904, 21999.96, 13.85, 217.64285714285714, 1833.33, 23.600000000000005, 432.66666666666674, 6.7, 122.83333333333333, 0.6, 11, 1, 18.333333333333332, 0.2, 3.6666666666666665, 4.7, 86.16666666666667, 1.6, 29.333333333333332, 0.1, 1.8333333333333333, 1833.33, 1498.3538095238096, 2421.8300000000004, 9330),
	(410208, 6, 2022, 6, 88, 1178.5714285714287, 107.14285714285714, 196.42857142857142, 19232.04, 12.350000000000001, 169.6537142857143, 1602.67, 23.600000000000005, 378.2293333333334, 6.7, 107.37866666666667, 0.6, 9.616, 1, 16.026666666666667, 0.19999999999999998, 3.2053333333333334, 4.7, 75.32533333333335, 1.5999999999999999, 25.642666666666667, 0.09999999999999999, 1.6026666666666667, 1602.67, 1330.445619047619, 2117.126, 50163),
	(416651, 5, 2021, 3, 50, 892.8571428571429, 85.71428571428571, 0, 14399.98, 8.7, 89.48571428571428, 1199.9983333333332, 23.6, 283.2, 6.7, 80.39999999999999, 0.6, 7.2, 1, 12, 0.2, 2.4, 4.7, 56.4, 1.6, 19.2, 0.1, 1.2, 1028.57, 862.2842857142856, 1413.7700000000002, 86645),
	(422476, 5, 2021, 5, 75, 964.2857142857143, 128.57142857142858, 160.71428571428572, 16350, 10.55, 123.20892857142857, 1362.5, 23.6, 321.55, 6.7, 91.28750000000001, 0.6, 8.174999999999999, 1, 13.625, 0.20000000000000004, 2.725, 4.7, 64.03750000000001, 1.6000000000000003, 21.8, 0.10000000000000002, 1.3625, 1362.5, 1152.0910714285717, 1799.8624999999997, 16452),
	(430868, 5, 2021, 4, 65, 2285.714285714286, 414.2857142857143, 380.95238095238096, 38709.96, 20.1, 555.765, 3225.83, 23.6, 761.2966666666666, 6.700000000000001, 216.13083333333336, 0.6, 19.355, 1, 32.25833333333333, 0.2, 6.451666666666667, 4.7, 151.61416666666665, 1.6, 51.61333333333334, 0.1, 3.2258333333333336, 3225.83, 2463.6116666666667, 4261.322499999999, 26356),
	(440776, 5, 2021, 3, 50, 892.8571428571429, 85.71428571428571, 148.8095238095238, 14400, 8.7, 89.48571428571425, 1200, 23.6, 283.2, 6.700000000000001, 80.39999999999999, 0.6, 7.199999999999998, 1, 11.999999999999998, 0.2, 2.4, 4.7, 56.399999999999984, 1.6, 19.2, 0.1, 1.2, 1200, 1033.7142857142856, 1585.2000000000003, 33105),
	(441090, 5, 2021, 1, 20, 928.5714285714286, 139.28571428571428, 0, 15230.039999999999, 9.75, 106.06607142857142, 1269.1699999999998, 23.6, 299.52333333333337, 6.7, 85.03416666666666, 0.6, 7.614999999999999, 1.0000000000000002, 12.691666666666668, 0.2, 2.5383333333333336, 4.7, 59.65083333333333, 1.6, 20.30666666666667, 0.1, 1.2691666666666668, 1087.86, 900.5672619047618, 1495.2624999999998, 6924),
	(441362, 6, 2022, 2, 30, 892.8571428571429, 85.71428571428571, 0, 14119.980000000001, 8.7, 87.74571428571427, 1008.5714285714286, 23.6, 277.6933333333333, 6.7, 78.83666666666666, 0.6, 7.06, 0.9999999999999999, 11.766666666666666, 0.2, 2.353333333333333, 4.7, 55.303333333333335, 1.6, 18.826666666666664, 0.1, 1.1766666666666665, 1008.5714285714286, 845.5190476190477, 1386.2814285714283, 73905),
	(445582, 6, 2022, 1, 20, 1535.7142857142858, 267.85714285714283, 0, 25529.98, 15.5, 282.6535714285714, 2127.4983333333334, 23.6, 502.09, 6.7, 142.5425, 0.6, 12.765, 1, 21.275000000000002, 0.2, 4.255, 4.7, 99.9925, 1.6, 34.04, 0.1, 2.1275, 1823.57, 1404.7564285714284, 2506.4975, 441),
	(456387, 5, 2021, 6, 88, 1250, 196.42857142857142, 208.33333333333334, 21482.04, 13.399999999999999, 205.61342857142856, 1790.17, 23.600000000000005, 422.4793333333334, 6.699999999999999, 119.94116666666666, 0.6, 10.741, 1, 17.901666666666667, 0.20000000000000004, 3.580333333333334, 4.7, 84.13783333333335, 1.6000000000000003, 28.64266666666667, 0.10000000000000002, 1.790166666666667, 1790.17, 1469.9859047619047, 2364.8134999999997, 58566),
	(470622, 5, 2021, 5, 75, 1892.857142857143, 350, 0, 32450.04, 18.35, 425.3267857142857, 2704.17, 23.6, 638.1833333333333, 6.7, 181.17916666666667, 0.6, 16.224999999999998, 1, 27.041666666666668, 0.20000000000000004, 5.408333333333334, 4.7, 127.09583333333335, 1.6000000000000003, 43.26666666666667, 0.10000000000000002, 2.704166666666667, 2317.86, 1719.4665476190473, 3185.8975, 50643),
	(470874, 5, 2021, 0, 0, 1071.4285714285713, 114.28571428571429, 0, 16599.940000000002, 10.55, 125.09285714285714, 1383.3283333333336, 23.6, 326.46666666666664, 6.7, 92.68333333333334, 0.6, 8.299999999999999, 1, 13.833333333333334, 0.20000000000000004, 2.766666666666667, 4.7, 65.01666666666667, 1.6000000000000003, 22.133333333333336, 0.10000000000000002, 1.3833333333333335, 1185.71, 972.0838095238094, 1629.76, 46222),
	(470910, 6, 2022, 2, 30, 1178.5714285714287, 107.14285714285714, 0, 18419.940000000002, 11.95, 157.22785714285715, 1315.7142857142858, 23.6, 362.26, 6.700000000000001, 102.84500000000001, 0.6, 9.209999999999999, 1, 15.35, 0.2, 3.0700000000000003, 4.7, 72.145, 1.6, 24.560000000000002, 0.1, 1.5350000000000001, 1315.7142857142858, 1060.2464285714286, 1808.4492857142857, 74758),
	(474035, 5, 2021, 2, 30, 1035.7142857142858, 135.71428571428572, 172.61904761904762, 16860, 10.55, 126.75071428571428, 1405, 23.6, 330.79333333333335, 6.7, 93.91166666666668, 0.6, 8.41, 1, 14.016666666666666, 0.2, 2.8033333333333332, 4.7, 65.87833333333333, 1.6, 22.426666666666666, 0.1, 1.4016666666666666, 1405, 1188.542619047619, 1854.935, 46165),
	(474692, 6, 2022, 1, 20, 928.5714285714286, 139.28571428571428, 154.76190476190476, 15230.04, 9.75, 106.06607142857142, 1269.17, 23.6, 299.52333333333337, 6.7, 85.03416666666666, 0.6, 7.614999999999999, 1.0000000000000002, 12.691666666666668, 0.2, 2.5383333333333336, 4.7, 59.65083333333333, 1.6, 20.30666666666667, 0.1, 1.2691666666666668, 1269.17, 1081.877261904762, 1676.5725, 90463),
	(477913, 6, 2022, 7, 95, 964.2857142857143, 128.57142857142858, 0, 16630.039999999997, 10.55, 125.31892857142857, 1385.8366666666664, 23.6, 327.0566666666667, 6.7, 92.85083333333334, 0.6, 8.315, 1, 13.858333333333334, 0.2, 2.7716666666666665, 4.7, 65.13416666666667, 1.6, 22.173333333333332, 0.1, 1.3858333333333333, 1187.86, 973.8477380952379, 1632.7125, 86137),
	(478601, 6, 2022, 0, 0, 964.2857142857143, 128.57142857142858, 0, 15300.039999999999, 9.75, 106.55357142857143, 1092.857142857143, 23.6, 300.90000000000003, 6.699999999999999, 85.425, 0.6, 7.6499999999999995, 1, 12.75, 0.2, 2.5500000000000003, 4.7, 59.925000000000004, 1.6, 20.400000000000002, 0.1, 1.2750000000000001, 1092.857142857143, 904.7035714285715, 1502.132142857143, 28888),
	(493821, 6, 2022, 0, 0, 1035.7142857142858, 135.71428571428572, 0, 16400.02, 10.55, 123.58571428571429, 1171.4285714285713, 23.6, 322.53333333333336, 6.7, 91.56666666666666, 0.6, 8.200000000000001, 1, 13.666666666666666, 0.19999999999999998, 2.733333333333333, 4.7, 64.23333333333333, 1.5999999999999999, 21.866666666666664, 0.09999999999999999, 1.3666666666666665, 1171.4285714285713, 960.3761904761906, 1610.1285714285714, 92147),
	(495243, 6, 2022, 5, 75, 1892.857142857143, 350, 0, 32450.04, 18.35, 425.3267857142857, 2317.8571428571427, 23.6, 638.1833333333333, 6.7, 181.17916666666667, 0.6, 16.224999999999998, 1, 27.041666666666668, 0.20000000000000004, 5.408333333333334, 4.7, 127.09583333333335, 1.6000000000000003, 43.26666666666667, 0.10000000000000002, 2.704166666666667, 2317.8571428571427, 1719.4636904761899, 3185.8946428571426, 50643),
	(500137, 5, 2021, 2, 30, 928.5714285714286, 139.28571428571428, 0, 15370.039999999999, 9.75, 107.04107142857143, 1280.8366666666666, 23.6, 302.2766666666667, 6.7, 85.81583333333333, 0.6, 7.685, 0.9999999999999999, 12.808333333333332, 0.2, 2.5616666666666665, 4.7, 60.19916666666666, 1.6, 20.493333333333332, 0.1, 1.2808333333333333, 1097.86, 908.845595238095, 1509.0075, 78773),
	(501449, 5, 2021, 3, 50, 1035.7142857142858, 135.71428571428572, 0, 17100.02, 11.25, 137.41071428571428, 1425.0016666666668, 23.6, 336.3, 6.7, 95.47500000000001, 0.6, 8.549999999999999, 1, 14.25, 0.20000000000000004, 2.85, 4.7, 66.97500000000001, 1.6000000000000003, 22.8, 0.10000000000000002, 1.425, 1221.43, 992.819285714286, 1678.8549999999998, 46663),
	(502213, 6, 2022, 2, 30, 1250, 196.42857142857142, 208.33333333333334, 20709.96, 13, 191.93571428571428, 1725.83, 23.6, 406.51000000000005, 6.7, 115.40750000000001, 0.6, 10.334999999999999, 1, 17.224999999999998, 0.2, 3.4450000000000003, 4.7, 80.9575, 1.6, 27.560000000000002, 0.1, 1.7225000000000001, 1725.83, 1423.6542857142856, 2278.7525, 46884),
	(502418, 5, 2021, 1, 20, 892.8571428571429, 85.71428571428571, 148.8095238095238, 13980, 6.5, 64.90714285714286, 1165, 23.6, 274.94, 6.7, 78.05499999999999, 0.6, 6.989999999999999, 1.0000000000000002, 11.65, 0.2, 2.33, 4.7, 54.754999999999995, 1.6, 18.64, 0.1, 1.165, 1165, 1025.532857142857, 1538.9650000000001, 22356),
	(506466, 6, 2022, 1, 20, 1535.7142857142858, 267.85714285714283, 0, 25529.98, 15.5, 282.6535714285714, 1823.5714285714287, 23.6, 502.09, 6.7, 142.5425, 0.6, 12.765, 1, 21.275000000000002, 0.2, 4.255, 4.7, 99.9925, 1.6, 34.04, 0.1, 2.1275, 1823.5714285714287, 1404.7578571428571, 2506.4989285714287, 441),
	(509456, 6, 2022, 5, 75, 964.2857142857143, 128.57142857142858, 0, 16350.039999999999, 10.55, 123.20892857142857, 1167.857142857143, 23.6, 321.55, 6.7, 91.28750000000001, 0.6, 8.174999999999999, 1, 13.625, 0.20000000000000004, 2.725, 4.7, 64.03750000000001, 1.6000000000000003, 21.8, 0.10000000000000002, 1.3625, 1167.857142857143, 957.4482142857145, 1605.2196428571426, 8372),
	(519139, 6, 2022, 2, 30, 892.8571428571429, 85.71428571428571, 0, 14119.980000000001, 8.7, 87.74571428571427, 1176.6650000000002, 23.6, 277.6933333333333, 6.7, 78.83666666666666, 0.6, 7.06, 0.9999999999999999, 11.766666666666666, 0.2, 2.353333333333333, 4.7, 55.303333333333335, 1.6, 18.826666666666664, 0.1, 1.1766666666666665, 1008.57, 845.5176190476192, 1386.2799999999997, 12449),
	(521132, 6, 2022, 7, 95, 821.4285714285714, 89.28571428571429, 136.9047619047619, 14100, 8.7, 87.49714285714286, 1175, 23.6, 276.9066666666667, 6.7, 78.61333333333334, 0.6, 7.04, 1, 11.733333333333334, 0.2, 2.346666666666667, 4.7, 55.146666666666675, 1.6, 18.773333333333337, 0.1, 1.1733333333333336, 1175, 1012.4095238095236, 1551.6399999999999, 79158),
	(521657, 6, 2022, 2, 30, 1035.7142857142858, 135.71428571428572, 172.61904761904762, 16860, 10.55, 126.75071428571428, 1405, 23.6, 330.79333333333335, 6.7, 93.91166666666668, 0.6, 8.41, 1, 14.016666666666666, 0.2, 2.8033333333333332, 4.7, 65.87833333333333, 1.6, 22.426666666666666, 0.1, 1.4016666666666666, 1405, 1188.542619047619, 1854.935, 22223),
	(525881, 6, 2022, 7, 95, 1178.5714285714287, 107.14285714285714, 0, 19329.940000000002, 12.35, 170.5182142857143, 1610.8283333333336, 23.6, 380.1566666666667, 6.699999999999999, 107.92583333333333, 0.6, 9.665000000000001, 1, 16.108333333333334, 0.19999999999999998, 3.2216666666666662, 4.7, 75.70916666666666, 1.5999999999999999, 25.77333333333333, 0.09999999999999999, 1.6108333333333331, 1380.71, 1107.0984523809523, 1897.7875, 20704),
	(534441, 6, 2022, 2, 30, 1035.7142857142858, 135.71428571428572, 0, 16820.02, 10.55, 126.75071428571428, 1401.6683333333333, 23.6, 330.79333333333335, 6.7, 93.91166666666668, 0.6, 8.41, 1, 14.016666666666666, 0.2, 2.8033333333333332, 4.7, 65.87833333333333, 1.6, 22.426666666666666, 0.1, 1.4016666666666666, 1201.43, 984.9726190476191, 1651.365, 30792),
	(538564, 6, 2022, 6, 88, 964.2857142857143, 128.57142857142858, 0, 16532.039999999997, 10.55, 124.58042857142857, 1377.6699999999998, 23.6, 325.12933333333336, 6.699999999999999, 92.30366666666667, 0.6, 8.266, 1, 13.776666666666666, 0.2, 2.755333333333333, 4.7, 64.75033333333334, 1.6, 22.042666666666666, 0.1, 1.3776666666666666, 1180.86, 968.1089047619045, 1623.091, 95583),
	(539701, 5, 2021, 5, 75, 1178.5714285714287, 107.14285714285714, 0, 19049.940000000002, 12.350000000000001, 168.0482142857143, 1587.4950000000001, 23.6, 374.65000000000003, 6.699999999999999, 106.3625, 0.6, 9.525, 1, 15.875, 0.2, 3.1750000000000003, 4.7, 74.6125, 1.6, 25.400000000000002, 0.1, 1.5875000000000001, 1360.71, 1091.0617857142856, 1870.2975000000001, 94266),
	(542407, 6, 2022, 0, 0, 1035.7142857142858, 135.71428571428572, 0, 16400.02, 10.55, 123.58571428571429, 1366.6683333333333, 23.6, 322.53333333333336, 6.7, 91.56666666666666, 0.6, 8.200000000000001, 1, 13.666666666666666, 0.19999999999999998, 2.733333333333333, 4.7, 64.23333333333333, 1.5999999999999999, 21.866666666666664, 0.09999999999999999, 1.3666666666666665, 1171.43, 960.3776190476193, 1610.13, 92147),
	(548892, 6, 2022, 3, 50, 1250, 196.42857142857142, 208.33333333333334, 20949.96, 13, 194.53571428571428, 1745.83, 23.6, 412.0166666666667, 6.7, 116.97083333333335, 0.6, 10.475, 1, 17.458333333333332, 0.2, 3.4916666666666667, 4.7, 82.05416666666666, 1.6, 27.933333333333334, 0.1, 1.7458333333333333, 1745.83, 1439.5609523809524, 2306.2425000000003, 88209),
	(551007, 6, 2022, 1, 20, 1178.5714285714287, 107.14285714285714, 0, 18279.940000000002, 11.95, 156.03285714285715, 1523.3283333333336, 23.6, 359.50666666666666, 6.7, 102.06333333333333, 0.6, 9.14, 1, 15.233333333333334, 0.2, 3.046666666666667, 4.7, 71.59666666666666, 1.6, 24.373333333333335, 0.1, 1.5233333333333334, 1305.71, 1052.1838095238097, 1794.7, 33599),
	(551436, 6, 2022, 3, 50, 2285.714285714286, 414.2857142857143, 380.95238095238096, 38499.96, 20.1, 552.75, 3208.33, 23.6, 757.1666666666666, 6.7, 214.95833333333334, 0.6, 19.25, 1, 32.083333333333336, 0.2, 6.416666666666667, 4.7, 150.79166666666666, 1.6, 51.333333333333336, 0.1, 3.2083333333333335, 3208.33, 2450.2466666666664, 4238.205, 20199),
	(553044, 5, 2021, 0, 0, 964.2857142857143, 128.57142857142858, 0, 15300.039999999999, 9.75, 106.55357142857143, 1275.0033333333333, 23.6, 300.90000000000003, 6.699999999999999, 85.425, 0.6, 7.6499999999999995, 1, 12.75, 0.2, 2.5500000000000003, 4.7, 59.925000000000004, 1.6, 20.400000000000002, 0.1, 1.2750000000000001, 1092.86, 904.7064285714285, 1502.135, 28888),
	(555097, 6, 2022, 4, 65, 1892.857142857143, 350, 315.4761904761905, 32310, 18.35, 423.49178571428575, 2692.5, 23.6, 635.43, 6.7, 180.3975, 0.6, 16.155, 1.0000000000000002, 26.925, 0.2, 5.385000000000001, 4.7, 126.5475, 1.6, 43.080000000000005, 0.1, 2.6925000000000003, 2692.5, 2096.688214285714, 3556.7925000000005, 23775),
	(559773, 6, 2022, 4, 65, 1250, 196.42857142857142, 0, 21160.02, 13.4, 202.53142857142856, 1763.335, 23.6, 416.1466666666667, 6.7, 118.14333333333333, 0.6, 10.58, 1, 17.633333333333333, 0.2, 3.526666666666667, 4.7, 82.87666666666667, 1.6, 28.213333333333335, 0.1, 1.7633333333333334, 1511.43, 1196.0452380952381, 2077.46, 10646),
	(560407, 6, 2022, 3, 50, 1035.7142857142858, 135.71428571428572, 0, 17100.02, 11.25, 137.41071428571428, 1425.0016666666668, 23.6, 336.3, 6.7, 95.47500000000001, 0.6, 8.549999999999999, 1, 14.25, 0.20000000000000004, 2.85, 4.7, 66.97500000000001, 1.6000000000000003, 22.8, 0.10000000000000002, 1.425, 1221.43, 992.819285714286, 1678.8549999999998, 80932),
	(560611, 6, 2022, 3, 50, 1178.5714285714287, 107.14285714285714, 0, 18699.940000000002, 11.95, 159.61785714285716, 1558.3283333333336, 23.6, 367.76666666666665, 6.700000000000001, 104.40833333333335, 0.6, 9.35, 1, 15.583333333333334, 0.2, 3.1166666666666667, 4.7, 73.24166666666666, 1.6, 24.933333333333334, 0.1, 1.5583333333333333, 1335.71, 1076.3588095238094, 1835.9349999999997, 22701),
	(565483, 5, 2021, 7, 95, 1250, 196.42857142857142, 0, 21580.02, 13.4, 206.55142857142854, 1798.335, 23.600000000000005, 424.40666666666675, 6.7, 120.48833333333333, 0.5999999999999999, 10.79, 1, 17.983333333333334, 0.2, 3.5966666666666662, 4.7, 84.52166666666666, 1.6, 28.77333333333333, 0.1, 1.7983333333333331, 1541.43, 1219.7852380952381, 2118.695, 882),
	(566746, 6, 2022, 4, 65, 1035.7142857142858, 135.71428571428572, 172.61904761904762, 17330.04, 11.25, 139.0982142857143, 1444.17, 23.6, 340.4300000000001, 6.699999999999999, 96.64750000000002, 0.6, 8.655000000000001, 1, 14.425000000000002, 0.20000000000000004, 2.885000000000001, 4.7, 67.79750000000001, 1.6000000000000003, 23.08000000000001, 0.10000000000000002, 1.4425000000000006, 1444.17, 1212.7517857142857, 1907.2125, 30100),
	(567049, 6, 2022, 0, 0, 1392.857142857143, 267.85714285714283, 0, 23249.940000000002, 14.25, 236.65178571428572, 1660.7142857142858, 23.6, 457.25, 6.7, 129.8125, 0.6, 11.625, 1, 19.375, 0.2, 3.875, 4.7, 91.0625, 1.6, 31, 0.1, 1.9375, 1660.7142857142858, 1300.0625, 2282.651785714286, 85839),
	(572039, 6, 2022, 4, 65, 1464.2857142857142, 107.14285714285714, 0, 22910.02, 13.85, 226.64535714285714, 1636.4285714285713, 23.6, 450.56333333333333, 6.7, 127.91416666666667, 0.6, 11.455, 1, 19.091666666666665, 0.2, 3.8183333333333334, 4.7, 89.73083333333334, 1.6, 30.546666666666667, 0.1, 1.9091666666666667, 1636.4285714285713, 1287.5965476190477, 2249.271071428571, 73146),
	(572936, 5, 2021, 3, 50, 1892.857142857143, 350, 315.4761904761905, 32100, 18.35, 420.73928571428576, 2675, 23.6, 631.3000000000001, 6.699999999999999, 179.225, 0.6, 16.05, 1, 26.75, 0.2, 5.3500000000000005, 4.7, 125.72500000000001, 1.6, 42.800000000000004, 0.1, 2.6750000000000003, 2675, 2083.060714285714, 3533.675, 23775),
	(578940, 6, 2022, 7, 95, 1250, 196.42857142857142, 0, 21580.02, 13.4, 206.55142857142854, 1798.335, 23.600000000000005, 424.40666666666675, 6.7, 120.48833333333333, 0.5999999999999999, 10.79, 1, 17.983333333333334, 0.2, 3.5966666666666662, 4.7, 84.52166666666666, 1.6, 28.77333333333333, 0.1, 1.7983333333333331, 1541.43, 1219.7852380952381, 2118.695, 882),
	(579674, 6, 2022, 1, 20, 964.2857142857143, 128.57142857142858, 0, 15580.039999999999, 9.75, 108.50357142857142, 1298.3366666666666, 23.6, 306.4066666666667, 6.699999999999999, 86.98833333333333, 0.6, 7.79, 1.0000000000000002, 12.983333333333334, 0.2, 2.5966666666666667, 4.7, 61.02166666666667, 1.6, 20.773333333333333, 0.1, 1.2983333333333333, 1112.86, 921.263095238095, 1529.6249999999998, 17918),
	(582350, 6, 2022, 7, 95, 1250, 196.42857142857142, 208.33333333333334, 21600, 13.4, 206.55142857142854, 1800, 23.600000000000005, 424.40666666666675, 6.7, 120.48833333333333, 0.5999999999999999, 10.79, 1, 17.983333333333334, 0.2, 3.5966666666666662, 4.7, 84.52166666666666, 1.6, 28.77333333333333, 0.1, 1.7983333333333331, 1800, 1478.355238095238, 2377.265, 45834),
	(583428, 5, 2021, 2, 30, 964.2857142857143, 128.57142857142858, 0, 15720.039999999999, 9.75, 109.47857142857143, 1310.0033333333333, 23.6, 309.16, 6.7, 87.77, 0.6, 7.859999999999999, 0.9999999999999999, 13.1, 0.2, 2.62, 4.7, 61.57, 1.6, 20.96, 0.1, 1.31, 1122.86, 929.5414285714286, 1543.3699999999997, 2868),
	(583605, 5, 2021, 1, 20, 2285.714285714286, 414.2857142857143, 0, 38080, 20.1, 546.72, 3173.3333333333335, 23.599999999999998, 748.9066666666666, 6.7, 212.61333333333334, 0.6, 19.04, 1, 31.733333333333334, 0.2, 6.346666666666667, 4.7, 149.14666666666668, 1.6, 50.77333333333333, 0.1, 3.1733333333333333, 2720, 1970.1866666666667, 3738.64, 44060),
	(587075, 6, 2022, 4, 65, 1250, 196.42857142857142, 0, 21160.02, 13.4, 202.53142857142856, 1511.4285714285713, 23.6, 416.1466666666667, 6.7, 118.14333333333333, 0.6, 10.58, 1, 17.633333333333333, 0.2, 3.526666666666667, 4.7, 82.87666666666667, 1.6, 28.213333333333335, 0.1, 1.7633333333333334, 1511.4285714285713, 1196.0438095238094, 2077.4585714285713, 10646),
	(595585, 6, 2022, 0, 0, 1035.7142857142858, 135.71428571428572, 0, 16400.02, 10.55, 123.58571428571429, 1171.4285714285713, 23.6, 322.53333333333336, 6.7, 91.56666666666666, 0.6, 8.200000000000001, 1, 13.666666666666666, 0.19999999999999998, 2.733333333333333, 4.7, 64.23333333333333, 1.5999999999999999, 21.866666666666664, 0.09999999999999999, 1.3666666666666665, 1171.4285714285713, 960.3761904761906, 1610.1285714285714, 41392),
	(597572, 5, 2021, 1, 20, 1178.5714285714287, 107.14285714285714, 196.42857142857142, 18279.96, 11.95, 156.03285714285715, 1523.33, 23.6, 359.50666666666666, 6.7, 102.06333333333333, 0.6, 9.14, 1, 15.233333333333334, 0.2, 3.046666666666667, 4.7, 71.59666666666666, 1.6, 24.373333333333335, 0.1, 1.5233333333333334, 1523.33, 1269.8038095238096, 2012.32, 59892),
	(598827, 5, 2021, 0, 0, 1392.857142857143, 267.85714285714283, 0, 23249.940000000002, 14.25, 236.65178571428572, 1937.4950000000001, 23.6, 457.25, 6.7, 129.8125, 0.6, 11.625, 1, 19.375, 0.2, 3.875, 4.7, 91.0625, 1.6, 31, 0.1, 1.9375, 1660.71, 1300.0582142857143, 2282.6475, 85839),
	(599011, 6, 2022, 0, 0, 1250, 196.42857142857142, 0, 20250.02, 13, 188.03571428571428, 1687.5016666666668, 23.6, 398.25, 6.7, 113.0625, 0.6, 10.125, 1, 16.875, 0.2, 3.375, 4.7, 79.3125, 1.6, 27, 0.1, 1.6875, 1446.43, 1150.3942857142858, 1988.1175, 56738),
	(605422, 5, 2021, 4, 65, 2285.714285714286, 414.2857142857143, 0, 38710, 20.1, 555.765, 3225.8333333333335, 23.6, 761.2966666666666, 6.700000000000001, 216.13083333333336, 0.6, 19.355, 1, 32.25833333333333, 0.2, 6.451666666666667, 4.7, 151.61416666666665, 1.6, 51.61333333333334, 0.1, 3.2258333333333336, 2765, 2002.7816666666668, 3800.4925, 46196),
	(605555, 5, 2021, 0, 0, 1892.857142857143, 350, 0, 31400.04, 18, 403.7142857142857, 2616.67, 23.6, 617.5333333333333, 6.700000000000001, 175.3166666666667, 0.6, 15.700000000000001, 1, 26.166666666666668, 0.2, 5.233333333333333, 4.7, 122.98333333333333, 1.6, 41.86666666666667, 0.1, 2.6166666666666667, 2242.86, 1671.6790476190477, 3082.8099999999995, 10378),
	(607344, 6, 2022, 2, 30, 1035.7142857142858, 135.71428571428572, 172.61904761904762, 16820.04, 10.55, 126.75071428571428, 1401.67, 23.6, 330.79333333333335, 6.7, 93.91166666666668, 0.6, 8.41, 1, 14.016666666666666, 0.2, 2.8033333333333332, 4.7, 65.87833333333333, 1.6, 22.426666666666666, 0.1, 1.4016666666666666, 1401.67, 1185.212619047619, 1851.605, 46165),
	(609252, 5, 2021, 1, 20, 1178.5714285714287, 107.14285714285714, 0, 18279.940000000002, 11.95, 156.03285714285715, 1523.3283333333336, 23.6, 359.50666666666666, 6.7, 102.06333333333333, 0.6, 9.14, 1, 15.233333333333334, 0.2, 3.046666666666667, 4.7, 71.59666666666666, 1.6, 24.373333333333335, 0.1, 1.5233333333333334, 1305.71, 1052.1838095238097, 1794.7, 33599),
	(618795, 5, 2021, 2, 30, 1035.7142857142858, 135.71428571428572, 0, 16820.02, 10.55, 126.75071428571428, 1401.6683333333333, 23.6, 330.79333333333335, 6.7, 93.91166666666668, 0.6, 8.41, 1, 14.016666666666666, 0.2, 2.8033333333333332, 4.7, 65.87833333333333, 1.6, 22.426666666666666, 0.1, 1.4016666666666666, 1201.43, 984.9726190476191, 1651.365, 30792),
	(618840, 6, 2022, 4, 65, 2285.714285714286, 414.2857142857143, 380.95238095238096, 38730, 20.1, 555.765, 3227.5, 23.6, 761.2966666666666, 6.700000000000001, 216.13083333333336, 0.6, 19.355, 1, 32.25833333333333, 0.2, 6.451666666666667, 4.7, 151.61416666666665, 1.6, 51.61333333333334, 0.1, 3.2258333333333336, 3227.5, 2465.2816666666668, 4262.992499999999, 26356),
	(621804, 6, 2022, 2, 30, 1035.7142857142858, 135.71428571428572, 0, 16820.02, 10.55, 126.75071428571428, 1201.4285714285713, 23.6, 330.79333333333335, 6.7, 93.91166666666668, 0.6, 8.41, 1, 14.016666666666666, 0.2, 2.8033333333333332, 4.7, 65.87833333333333, 1.6, 22.426666666666666, 0.1, 1.4016666666666666, 1201.4285714285713, 984.9711904761904, 1651.3635714285713, 10761),
	(623919, 6, 2022, 3, 50, 2285.714285714286, 414.2857142857143, 0, 38500, 20.1, 552.75, 2750, 23.6, 757.1666666666666, 6.7, 214.95833333333334, 0.6, 19.25, 1, 32.083333333333336, 0.2, 6.416666666666667, 4.7, 150.79166666666666, 1.6, 51.333333333333336, 0.1, 3.2083333333333335, 2750, 1991.9166666666665, 3779.875, 57231),
	(625455, 6, 2022, 3, 50, 1535.7142857142858, 267.85714285714283, 0, 25949.98, 15.5, 287.30357142857144, 1853.5714285714287, 23.6, 510.34999999999997, 6.7, 144.88750000000002, 0.6, 12.975, 1, 21.625, 0.2, 4.325, 4.7, 101.6375, 1.6, 34.6, 0.1, 2.1625, 1853.5714285714287, 1427.8678571428572, 2547.7339285714284, 75225),
	(626170, 6, 2022, 5, 75, 928.5714285714286, 139.28571428571428, 0, 16000.039999999999, 10.55, 120.57142857142857, 1333.3366666666666, 23.6, 314.6666666666667, 6.7, 89.33333333333333, 0.6, 8, 1, 13.333333333333334, 0.2, 2.6666666666666665, 4.7, 62.666666666666664, 1.6, 21.333333333333332, 0.1, 1.3333333333333333, 1142.86, 936.9552380952381, 1570.86, 86402),
	(627165, 5, 2021, 7, 95, 964.2857142857143, 128.57142857142858, 160.71428571428572, 16629.96, 10.55, 125.31892857142857, 1385.83, 23.6, 327.0566666666667, 6.7, 92.85083333333334, 0.6, 8.315, 1, 13.858333333333334, 0.2, 2.7716666666666665, 4.7, 65.13416666666667, 1.6, 22.173333333333332, 0.1, 1.3858333333333333, 1385.83, 1171.817738095238, 1830.6825000000001, 87080),
	(627263, 6, 2022, 4, 65, 892.8571428571429, 85.71428571428571, 0, 14609.98, 8.7, 90.79071428571429, 1043.5714285714287, 23.6, 287.33, 6.7, 81.5725, 0.6, 7.305, 1, 12.174999999999999, 0.2, 2.435, 4.7, 57.2225, 1.6, 19.48, 0.1, 1.2175, 1043.5714285714287, 874.8607142857144, 1434.3889285714286, 86645),
	(637670, 6, 2022, 3, 50, 2285.714285714286, 414.2857142857143, 0, 38500, 20.1, 552.75, 3208.3333333333335, 23.6, 757.1666666666666, 6.7, 214.95833333333334, 0.6, 19.25, 1, 32.083333333333336, 0.2, 6.416666666666667, 4.7, 150.79166666666666, 1.6, 51.333333333333336, 0.1, 3.2083333333333335, 2750, 1991.9166666666665, 3779.875, 57231),
	(638614, 6, 2022, 7, 95, 1178.5714285714287, 107.14285714285714, 0, 19329.940000000002, 12.35, 170.5182142857143, 1380.7142857142858, 23.6, 380.1566666666667, 6.699999999999999, 107.92583333333333, 0.6, 9.665000000000001, 1, 16.108333333333334, 0.19999999999999998, 3.2216666666666662, 4.7, 75.70916666666666, 1.5999999999999999, 25.77333333333333, 0.09999999999999999, 1.6108333333333331, 1380.7142857142858, 1107.102738095238, 1897.7917857142857, 20704),
	(645250, 6, 2022, 1, 20, 928.5714285714286, 139.28571428571428, 154.76190476190476, 15249.96, 9.75, 106.06607142857142, 1270.83, 23.6, 299.52333333333337, 6.7, 85.03416666666666, 0.6, 7.614999999999999, 1.0000000000000002, 12.691666666666668, 0.2, 2.5383333333333336, 4.7, 59.65083333333333, 1.6, 20.30666666666667, 0.1, 1.2691666666666668, 1270.83, 1083.5372619047619, 1678.2324999999998, 63535),
	(647907, 5, 2021, 1, 20, 964.2857142857143, 128.57142857142858, 0, 15580.039999999999, 9.75, 108.50357142857142, 1298.3366666666666, 23.6, 306.4066666666667, 6.699999999999999, 86.98833333333333, 0.6, 7.79, 1.0000000000000002, 12.983333333333334, 0.2, 2.5966666666666667, 4.7, 61.02166666666667, 1.6, 20.773333333333333, 0.1, 1.2983333333333333, 1112.86, 921.263095238095, 1529.6249999999998, 17918),
	(649068, 5, 2021, 3, 50, 928.5714285714286, 139.28571428571428, 0, 15650.039999999999, 9.75, 108.99107142857143, 1304.1699999999998, 23.6, 307.78333333333336, 6.7, 87.37916666666666, 0.6, 7.825, 1, 13.041666666666666, 0.2, 2.6083333333333334, 4.7, 61.29583333333333, 1.6, 20.866666666666667, 0.1, 1.3041666666666667, 1117.86, 925.402261904762, 1536.4975, 71607),
	(653297, 5, 2021, 0, 0, 928.5714285714286, 139.28571428571428, 154.76190476190476, 14949.96, 8.7, 92.90357142857144, 1245.83, 23.6, 294.0166666666667, 6.7, 83.47083333333335, 0.6, 7.4750000000000005, 1.0000000000000002, 12.458333333333336, 0.2, 2.491666666666667, 4.7, 58.554166666666674, 1.6, 19.933333333333337, 0.1, 1.2458333333333336, 1245.83, 1073.1930952380949, 1645.7424999999996, 90463),
	(659777, 6, 2022, 2, 30, 928.5714285714286, 139.28571428571428, 0, 15370.039999999999, 9.75, 107.04107142857143, 1097.857142857143, 23.6, 302.2766666666667, 6.7, 85.81583333333333, 0.6, 7.685, 0.9999999999999999, 12.808333333333332, 0.2, 2.5616666666666665, 4.7, 60.19916666666666, 1.6, 20.493333333333332, 0.1, 1.2808333333333333, 1097.857142857143, 908.842738095238, 1509.004642857143, 30618),
	(663861, 5, 2021, 0, 0, 1035.7142857142858, 135.71428571428572, 0, 16400.02, 10.55, 123.58571428571429, 1366.6683333333333, 23.6, 322.53333333333336, 6.7, 91.56666666666666, 0.6, 8.200000000000001, 1, 13.666666666666666, 0.19999999999999998, 2.733333333333333, 4.7, 64.23333333333333, 1.5999999999999999, 21.866666666666664, 0.09999999999999999, 1.3666666666666665, 1171.43, 960.3776190476193, 1610.13, 92147),
	(664343, 6, 2022, 2, 30, 1178.5714285714287, 107.14285714285714, 196.42857142857142, 18420, 11.95, 157.22785714285715, 1535, 23.6, 362.26, 6.700000000000001, 102.84500000000001, 0.6, 9.209999999999999, 1, 15.35, 0.2, 3.0700000000000003, 4.7, 72.145, 1.6, 24.560000000000002, 0.1, 1.5350000000000001, 1535, 1279.5321428571428, 2027.735, 63143),
	(664912, 5, 2021, 0, 0, 1071.4285714285713, 114.28571428571429, 178.57142857142858, 16599.96, 10.55, 125.09285714285714, 1383.33, 23.6, 326.46666666666664, 6.7, 92.68333333333334, 0.6, 8.299999999999999, 1, 13.833333333333334, 0.20000000000000004, 2.766666666666667, 4.7, 65.01666666666667, 1.6000000000000003, 22.133333333333336, 0.10000000000000002, 1.3833333333333335, 1383.33, 1169.7038095238092, 1827.3799999999999, 46464),
	(668160, 6, 2022, 2, 30, 1392.857142857143, 267.85714285714283, 232.14285714285714, 23670, 14.25, 240.9267857142857, 1972.5, 23.6, 465.51, 6.7, 132.1575, 0.6000000000000001, 11.835, 1, 19.724999999999998, 0.2, 3.9450000000000003, 4.7, 92.7075, 1.6, 31.560000000000002, 0.1, 1.9725000000000001, 1972.5, 1605.3332142857143, 2605.6725, 27136),
	(682502, 5, 2021, 7, 95, 821.4285714285714, 89.28571428571429, 136.9047619047619, 14079.96, 8.7, 87.49714285714286, 1173.33, 23.6, 276.9066666666667, 6.7, 78.61333333333334, 0.6, 7.04, 1, 11.733333333333334, 0.2, 2.346666666666667, 4.7, 55.146666666666675, 1.6, 18.773333333333337, 0.1, 1.1733333333333336, 1173.33, 1010.7395238095236, 1549.9699999999998, 79158),
	(696691, 6, 2022, 3, 50, 928.5714285714286, 139.28571428571428, 0, 15650.039999999999, 9.75, 108.99107142857143, 1117.857142857143, 23.6, 307.78333333333336, 6.7, 87.37916666666666, 0.6, 7.825, 1, 13.041666666666666, 0.2, 2.6083333333333334, 4.7, 61.29583333333333, 1.6, 20.866666666666667, 0.1, 1.3041666666666667, 1117.857142857143, 925.399404761905, 1536.494642857143, 71607),
	(697494, 6, 2022, 2, 30, 928.5714285714286, 139.28571428571428, 0, 15370.039999999999, 9.75, 107.04107142857143, 1097.857142857143, 23.6, 302.2766666666667, 6.7, 85.81583333333333, 0.6, 7.685, 0.9999999999999999, 12.808333333333332, 0.2, 2.5616666666666665, 4.7, 60.19916666666666, 1.6, 20.493333333333332, 0.1, 1.2808333333333333, 1097.857142857143, 908.842738095238, 1509.004642857143, 90464),
	(699951, 6, 2022, 4, 65, 1464.2857142857142, 107.14285714285714, 0, 22910.02, 13.85, 226.64535714285714, 1909.1683333333333, 23.6, 450.56333333333333, 6.7, 127.91416666666667, 0.6, 11.455, 1, 19.091666666666665, 0.2, 3.8183333333333334, 4.7, 89.73083333333334, 1.6, 30.546666666666667, 0.1, 1.9091666666666667, 1636.43, 1287.5979761904764, 2249.2724999999996, 73146),
	(700246, 5, 2021, 4, 65, 1464.2857142857142, 107.14285714285714, 0, 22910.02, 13.85, 226.64535714285714, 1909.1683333333333, 23.6, 450.56333333333333, 6.7, 127.91416666666667, 0.6, 11.455, 1, 19.091666666666665, 0.2, 3.8183333333333334, 4.7, 89.73083333333334, 1.6, 30.546666666666667, 0.1, 1.9091666666666667, 1636.43, 1287.5979761904764, 2249.2724999999996, 15923),
	(700313, 6, 2022, 3, 50, 1035.7142857142858, 135.71428571428572, 0, 17100.02, 11.25, 137.41071428571428, 1221.4285714285713, 23.6, 336.3, 6.7, 95.47500000000001, 0.6, 8.549999999999999, 1, 14.25, 0.20000000000000004, 2.85, 4.7, 66.97500000000001, 1.6000000000000003, 22.8, 0.10000000000000002, 1.425, 1221.4285714285713, 992.8178571428573, 1678.853571428571, 80932),
	(701380, 5, 2021, 2, 30, 1250, 196.42857142857142, 208.33333333333334, 20670, 13, 191.93571428571428, 1722.5, 23.6, 406.51000000000005, 6.7, 115.40750000000001, 0.6, 10.334999999999999, 1, 17.224999999999998, 0.2, 3.4450000000000003, 4.7, 80.9575, 1.6, 27.560000000000002, 0.1, 1.7225000000000001, 1722.5, 1420.3242857142857, 2275.4225, 46884),
	(702780, 6, 2022, 3, 50, 1535.7142857142858, 267.85714285714283, 0, 25949.98, 15.5, 287.30357142857144, 2162.4983333333334, 23.6, 510.34999999999997, 6.7, 144.88750000000002, 0.6, 12.975, 1, 21.625, 0.2, 4.325, 4.7, 101.6375, 1.6, 34.6, 0.1, 2.1625, 1853.57, 1427.8664285714285, 2547.7324999999996, 75225),
	(707554, 5, 2021, 0, 0, 1535.7142857142858, 267.85714285714283, 0, 25249.98, 15.5, 279.55357142857144, 2104.165, 23.6, 496.5833333333333, 6.7, 140.97916666666666, 0.6, 12.625, 1, 21.041666666666668, 0.2, 4.208333333333333, 4.7, 98.89583333333333, 1.6, 33.666666666666664, 0.1, 2.1041666666666665, 1803.57, 1389.3497619047616, 2479.0074999999997, 31722),
	(708432, 6, 2022, 5, 75, 2250, 321.42857142857144, 375, 37076.04, 19.85, 525.3160714285715, 3089.67, 23.599999999999998, 728.65, 6.7, 206.86249999999998, 0.6, 18.525000000000002, 1, 30.875, 0.19999999999999998, 6.175, 4.7, 145.11249999999998, 1.5999999999999999, 49.4, 0.09999999999999999, 3.0875, 3089.67, 2366.7539285714283, 4080.7575000000006, 3096),
	(709367, 6, 2022, 0, 0, 1178.5714285714287, 107.14285714285714, 0, 17999.940000000002, 11.95, 153.64285714285714, 1285.7142857142858, 23.6, 354, 6.7, 100.5, 0.6, 9, 1, 15, 0.2, 3, 4.7, 70.5, 1.6, 24, 0.1, 1.5, 1285.7142857142858, 1036.0714285714287, 1767.2142857142858, 13211),
	(711532, 6, 2022, 1, 20, 964.2857142857143, 128.57142857142858, 160.71428571428572, 15600, 9.75, 108.50357142857145, 1300, 23.6, 306.4066666666667, 6.7, 86.98833333333334, 0.6, 7.79, 1, 12.983333333333334, 0.2, 2.596666666666667, 4.7, 61.021666666666675, 1.6, 20.773333333333337, 0.1, 1.2983333333333336, 1300, 1108.4030952380951, 1716.7649999999999, 24361),
	(719192, 6, 2022, 0, 0, 1035.7142857142858, 135.71428571428572, 0, 16400.02, 10.55, 123.58571428571429, 1366.6683333333333, 23.6, 322.53333333333336, 6.7, 91.56666666666666, 0.6, 8.200000000000001, 1, 13.666666666666666, 0.19999999999999998, 2.733333333333333, 4.7, 64.23333333333333, 1.5999999999999999, 21.866666666666664, 0.09999999999999999, 1.3666666666666665, 1171.43, 960.3776190476193, 1610.13, 41392),
	(721135, 5, 2021, 6, 88, 964.2857142857143, 128.57142857142858, 0, 16532.039999999997, 10.55, 124.58042857142857, 1377.6699999999998, 23.6, 325.12933333333336, 6.699999999999999, 92.30366666666667, 0.6, 8.266, 1, 13.776666666666666, 0.2, 2.755333333333333, 4.7, 64.75033333333334, 1.6, 22.042666666666666, 0.1, 1.3776666666666666, 1180.86, 968.1089047619045, 1623.091, 95583),
	(725199, 5, 2021, 1, 20, 1178.5714285714287, 107.14285714285714, 0, 18279.940000000002, 11.95, 156.03285714285715, 1523.3283333333336, 23.6, 359.50666666666666, 6.7, 102.06333333333333, 0.6, 9.14, 1, 15.233333333333334, 0.2, 3.046666666666667, 4.7, 71.59666666666666, 1.6, 24.373333333333335, 0.1, 1.5233333333333334, 1305.71, 1052.1838095238097, 1794.7, 74758),
	(726292, 5, 2021, 3, 50, 892.8571428571429, 85.71428571428571, 0, 14399.98, 8.7, 89.48571428571428, 1199.9983333333332, 23.6, 283.2, 6.7, 80.39999999999999, 0.6, 7.2, 1, 12, 0.2, 2.4, 4.7, 56.4, 1.6, 19.2, 0.1, 1.2, 1028.57, 862.2842857142856, 1413.7700000000002, 7766),
	(736873, 6, 2022, 2, 30, 1178.5714285714287, 107.14285714285714, 0, 18419.940000000002, 11.95, 157.22785714285715, 1534.9950000000001, 23.6, 362.26, 6.700000000000001, 102.84500000000001, 0.6, 9.209999999999999, 1, 15.35, 0.2, 3.0700000000000003, 4.7, 72.145, 1.6, 24.560000000000002, 0.1, 1.5350000000000001, 1315.71, 1060.2421428571429, 1808.445, 83423),
	(738190, 6, 2022, 4, 65, 1250, 196.42857142857142, 208.33333333333334, 21180, 13.4, 202.53142857142856, 1765, 23.6, 416.1466666666667, 6.7, 118.14333333333333, 0.6, 10.58, 1, 17.633333333333333, 0.2, 3.526666666666667, 4.7, 82.87666666666667, 1.6, 28.213333333333335, 0.1, 1.7633333333333334, 1765, 1449.6152380952383, 2331.0299999999997, 39481),
	(740972, 6, 2022, 1, 20, 964.2857142857143, 128.57142857142858, 0, 15580.039999999999, 9.75, 108.50357142857142, 1112.857142857143, 23.6, 306.4066666666667, 6.699999999999999, 86.98833333333333, 0.6, 7.79, 1.0000000000000002, 12.983333333333334, 0.2, 2.5966666666666667, 4.7, 61.02166666666667, 1.6, 20.773333333333333, 0.1, 1.2983333333333333, 1112.857142857143, 921.260238095238, 1529.6221428571428, 17918),
	(741577, 6, 2022, 3, 50, 928.5714285714286, 139.28571428571428, 0, 15650.039999999999, 9.75, 108.99107142857143, 1117.857142857143, 23.6, 307.78333333333336, 6.7, 87.37916666666666, 0.6, 7.825, 1, 13.041666666666666, 0.2, 2.6083333333333334, 4.7, 61.29583333333333, 1.6, 20.866666666666667, 0.1, 1.3041666666666667, 1117.857142857143, 925.399404761905, 1536.494642857143, 78773),
	(742291, 5, 2021, 5, 75, 964.2857142857143, 128.57142857142858, 160.71428571428572, 16350, 10.55, 123.20892857142857, 1362.5, 23.6, 321.55, 6.7, 91.28750000000001, 0.6, 8.174999999999999, 1, 13.625, 0.20000000000000004, 2.725, 4.7, 64.03750000000001, 1.6000000000000003, 21.8, 0.10000000000000002, 1.3625, 1362.5, 1152.0910714285717, 1799.8624999999997, 25929),
	(749425, 5, 2021, 0, 0, 1250, 196.42857142857142, 0, 20250.02, 13, 188.03571428571428, 1687.5016666666668, 23.6, 398.25, 6.7, 113.0625, 0.6, 10.125, 1, 16.875, 0.2, 3.375, 4.7, 79.3125, 1.6, 27, 0.1, 1.6875, 1446.43, 1150.3942857142858, 1988.1175, 56738),
	(764285, 5, 2021, 3, 50, 964.2857142857143, 128.57142857142858, 0, 16000.039999999999, 10.55, 120.57142857142857, 1333.3366666666666, 23.6, 314.6666666666667, 6.7, 89.33333333333333, 0.6, 8, 1, 13.333333333333334, 0.2, 2.6666666666666665, 4.7, 62.666666666666664, 1.6, 21.333333333333332, 0.1, 1.3333333333333333, 1142.86, 936.9552380952381, 1570.86, 68402),
	(765909, 6, 2022, 2, 30, 1035.7142857142858, 135.71428571428572, 0, 16820.02, 10.55, 126.75071428571428, 1401.6683333333333, 23.6, 330.79333333333335, 6.7, 93.91166666666668, 0.6, 8.41, 1, 14.016666666666666, 0.2, 2.8033333333333332, 4.7, 65.87833333333333, 1.6, 22.426666666666666, 0.1, 1.4016666666666666, 1201.43, 984.9726190476191, 1651.365, 10761),
	(767388, 5, 2021, 2, 30, 1250, 196.42857142857142, 208.33333333333334, 20709.96, 13, 191.93571428571428, 1725.83, 23.6, 406.51000000000005, 6.7, 115.40750000000001, 0.6, 10.334999999999999, 1, 17.224999999999998, 0.2, 3.4450000000000003, 4.7, 80.9575, 1.6, 27.560000000000002, 0.1, 1.7225000000000001, 1725.83, 1423.6542857142856, 2278.7525, 3048),
	(771291, 6, 2022, 5, 75, 928.5714285714286, 139.28571428571428, 0, 16000.039999999999, 10.55, 120.57142857142857, 1142.857142857143, 23.6, 314.6666666666667, 6.7, 89.33333333333333, 0.6, 8, 1, 13.333333333333334, 0.2, 2.6666666666666665, 4.7, 62.666666666666664, 1.6, 21.333333333333332, 0.1, 1.3333333333333333, 1142.857142857143, 936.9523809523811, 1570.857142857143, 98283),
	(776656, 6, 2022, 2, 30, 928.5714285714286, 139.28571428571428, 0, 15370.039999999999, 9.75, 107.04107142857143, 1097.857142857143, 23.6, 302.2766666666667, 6.7, 85.81583333333333, 0.6, 7.685, 0.9999999999999999, 12.808333333333332, 0.2, 2.5616666666666665, 4.7, 60.19916666666666, 1.6, 20.493333333333332, 0.1, 1.2808333333333333, 1097.857142857143, 908.842738095238, 1509.004642857143, 6924),
	(778239, 6, 2022, 2, 30, 1071.4285714285713, 114.28571428571429, 0, 17019.940000000002, 11.25, 136.76785714285714, 1215.7142857142858, 23.6, 334.72666666666663, 6.699999999999999, 95.02833333333332, 0.6, 8.51, 1, 14.183333333333332, 0.2, 2.8366666666666664, 4.7, 66.66166666666668, 1.6, 22.69333333333333, 0.1, 1.4183333333333332, 1215.7142857142858, 988.1730952380954, 1670.9992857142859, 35756),
	(789529, 5, 2021, 3, 50, 1071.4285714285713, 114.28571428571429, 178.57142857142858, 17300.04, 11.25, 139.01785714285714, 1441.67, 23.6, 340.23333333333335, 6.699999999999999, 96.59166666666665, 0.6, 8.65, 1, 14.416666666666666, 0.2, 2.8833333333333333, 4.7, 67.75833333333334, 1.6, 23.066666666666666, 0.1, 1.4416666666666667, 1441.67, 1210.3854761904763, 1904.4450000000004, 36874),
	(791955, 6, 2022, 5, 75, 1892.857142857143, 350, 0, 32450.04, 18.35, 425.3267857142857, 2704.17, 23.6, 638.1833333333333, 6.7, 181.17916666666667, 0.6, 16.224999999999998, 1, 27.041666666666668, 0.20000000000000004, 5.408333333333334, 4.7, 127.09583333333335, 1.6000000000000003, 43.26666666666667, 0.10000000000000002, 2.704166666666667, 2317.86, 1719.4665476190473, 3185.8975, 50643),
	(792770, 5, 2021, 4, 65, 928.5714285714286, 139.28571428571428, 0, 15860.039999999999, 9.75, 110.45357142857142, 1321.6699999999998, 23.6, 311.91333333333336, 6.699999999999999, 88.55166666666666, 0.6, 7.93, 1, 13.216666666666667, 0.2, 2.643333333333333, 4.7, 62.11833333333333, 1.6, 21.146666666666665, 0.1, 1.3216666666666665, 1132.86, 937.8197619047617, 1557.1150000000002, 29351),
	(793564, 5, 2021, 5, 75, 928.5714285714286, 139.28571428571428, 154.76190476190476, 15999.96, 10.55, 120.57142857142858, 1333.33, 23.6, 314.6666666666667, 6.700000000000001, 89.33333333333336, 0.6, 8, 1.0000000000000002, 13.333333333333336, 0.20000000000000004, 2.6666666666666674, 4.7, 62.66666666666668, 1.6000000000000003, 21.33333333333334, 0.10000000000000002, 1.3333333333333337, 1333.33, 1127.425238095238, 1761.33, 22899),
	(800416, 5, 2021, 3, 50, 1392.857142857143, 267.85714285714283, 0, 23949.940000000002, 14.25, 243.77678571428572, 1995.8283333333336, 23.6, 471.01666666666665, 6.7, 133.72083333333333, 0.6, 11.975, 1, 19.958333333333332, 0.2, 3.9916666666666667, 4.7, 93.80416666666667, 1.6, 31.933333333333334, 0.1, 1.9958333333333333, 1710.71, 1339.1998809523807, 2351.3725, 75739),
	(801084, 6, 2022, 0, 0, 1178.5714285714287, 107.14285714285714, 0, 17999.940000000002, 11.95, 153.64285714285714, 1499.9950000000001, 23.6, 354, 6.7, 100.5, 0.6, 9, 1, 15, 0.2, 3, 4.7, 70.5, 1.6, 24, 0.1, 1.5, 1285.71, 1036.067142857143, 1767.21, 13211),
	(802046, 6, 2022, 1, 20, 2285.714285714286, 414.2857142857143, 0, 38080, 20.1, 546.72, 3173.3333333333335, 23.599999999999998, 748.9066666666666, 6.7, 212.61333333333334, 0.6, 19.04, 1, 31.733333333333334, 0.2, 6.346666666666667, 4.7, 149.14666666666668, 1.6, 50.77333333333333, 0.1, 3.1733333333333333, 2720, 1970.1866666666667, 3738.64, 44060),
	(802669, 6, 2022, 3, 50, 928.5714285714286, 139.28571428571428, 0, 15650.039999999999, 9.75, 108.99107142857143, 1304.1699999999998, 23.6, 307.78333333333336, 6.7, 87.37916666666666, 0.6, 7.825, 1, 13.041666666666666, 0.2, 2.6083333333333334, 4.7, 61.29583333333333, 1.6, 20.866666666666667, 0.1, 1.3041666666666667, 1117.86, 925.402261904762, 1536.4975, 71607),
	(803948, 6, 2022, 4, 65, 1392.857142857143, 267.85714285714283, 0, 24159.940000000002, 15, 258.85714285714283, 1725.7142857142858, 23.6, 475.1466666666667, 6.7, 134.89333333333335, 0.6, 12.08, 1, 20.133333333333333, 0.2, 4.026666666666666, 4.7, 94.62666666666667, 1.6, 32.21333333333333, 0.1, 2.013333333333333, 1725.7142857142858, 1338.0038095238097, 2371.9942857142855, 78351),
	(815356, 6, 2022, 0, 0, 964.2857142857143, 128.57142857142858, 0, 15300.039999999999, 9.75, 106.55357142857143, 1275.0033333333333, 23.6, 300.90000000000003, 6.699999999999999, 85.425, 0.6, 7.6499999999999995, 1, 12.75, 0.2, 2.5500000000000003, 4.7, 59.925000000000004, 1.6, 20.400000000000002, 0.1, 1.2750000000000001, 1092.86, 904.7064285714285, 1502.135, 28888),
	(818528, 6, 2022, 6, 88, 964.2857142857143, 128.57142857142858, 0, 16532.039999999997, 10.55, 124.58042857142857, 1180.857142857143, 23.6, 325.12933333333336, 6.699999999999999, 92.30366666666667, 0.6, 8.266, 1, 13.776666666666666, 0.2, 2.755333333333333, 4.7, 64.75033333333334, 1.6, 22.042666666666666, 0.1, 1.3776666666666666, 1180.857142857143, 968.1060476190474, 1623.0881428571429, 95583),
	(821555, 6, 2022, 3, 50, 964.2857142857143, 128.57142857142858, 0, 16000.039999999999, 10.55, 120.57142857142857, 1142.857142857143, 23.6, 314.6666666666667, 6.7, 89.33333333333333, 0.6, 8, 1, 13.333333333333334, 0.2, 2.6666666666666665, 4.7, 62.666666666666664, 1.6, 21.333333333333332, 0.1, 1.3333333333333333, 1142.857142857143, 936.9523809523811, 1570.857142857143, 19942),
	(827147, 5, 2021, 2, 30, 928.5714285714286, 139.28571428571428, 0, 15370.039999999999, 9.75, 107.04107142857143, 1280.8366666666666, 23.6, 302.2766666666667, 6.7, 85.81583333333333, 0.6, 7.685, 0.9999999999999999, 12.808333333333332, 0.2, 2.5616666666666665, 4.7, 60.19916666666666, 1.6, 20.493333333333332, 0.1, 1.2808333333333333, 1097.86, 908.845595238095, 1509.0075, 30618),
	(827523, 5, 2021, 3, 50, 2285.714285714286, 414.2857142857143, 380.95238095238096, 38499.96, 20.1, 552.75, 3208.33, 23.6, 757.1666666666666, 6.7, 214.95833333333334, 0.6, 19.25, 1, 32.083333333333336, 0.2, 6.416666666666667, 4.7, 150.79166666666666, 1.6, 51.333333333333336, 0.1, 3.2083333333333335, 3208.33, 2450.2466666666664, 4238.205, 20199),
	(831898, 6, 2022, 1, 20, 1178.5714285714287, 107.14285714285714, 196.42857142857142, 18279.96, 11.95, 156.03285714285715, 1523.33, 23.6, 359.50666666666666, 6.7, 102.06333333333333, 0.6, 9.14, 1, 15.233333333333334, 0.2, 3.046666666666667, 4.7, 71.59666666666666, 1.6, 24.373333333333335, 0.1, 1.5233333333333334, 1523.33, 1269.8038095238096, 2012.32, 59892),
	(832644, 5, 2021, 6, 88, 1071.4285714285713, 114.28571428571429, 178.57142857142858, 17832, 11.25, 143.29285714285712, 1486, 23.600000000000005, 350.69599999999997, 6.699999999999999, 99.56199999999997, 0.6, 8.915999999999999, 1, 14.859999999999998, 0.2, 2.9719999999999995, 4.7, 69.84199999999998, 1.6, 23.775999999999996, 0.1, 1.4859999999999998, 1486, 1247.6031428571425, 1963.0059999999996, 83301),
	(833629, 6, 2022, 7, 95, 928.5714285714286, 139.28571428571428, 0, 16280.039999999999, 10.55, 122.68142857142857, 1356.6699999999998, 23.6, 320.17333333333335, 6.7, 90.89666666666666, 0.6, 8.14, 1.0000000000000002, 13.566666666666668, 0.2, 2.7133333333333334, 4.7, 63.76333333333333, 1.6, 21.706666666666667, 0.1, 1.3566666666666667, 1162.86, 953.3519047619047, 1598.3500000000001, 65861),
	(838304, 5, 2021, 4, 65, 928.5714285714286, 139.28571428571428, 0, 15860.039999999999, 9.75, 110.45357142857142, 1321.6699999999998, 23.6, 311.91333333333336, 6.699999999999999, 88.55166666666666, 0.6, 7.93, 1, 13.216666666666667, 0.2, 2.643333333333333, 4.7, 62.11833333333333, 1.6, 21.146666666666665, 0.1, 1.3216666666666665, 1132.86, 937.8197619047617, 1557.1150000000002, 86402),
	(838659, 6, 2022, 2, 30, 892.8571428571429, 85.71428571428571, 0, 14119.980000000001, 8.7, 87.74571428571427, 1176.6650000000002, 23.6, 277.6933333333333, 6.7, 78.83666666666666, 0.6, 7.06, 0.9999999999999999, 11.766666666666666, 0.2, 2.353333333333333, 4.7, 55.303333333333335, 1.6, 18.826666666666664, 0.1, 1.1766666666666665, 1008.57, 845.5176190476192, 1386.2799999999997, 73905),
	(840301, 5, 2021, 3, 50, 964.2857142857143, 128.57142857142858, 0, 16000.039999999999, 10.55, 120.57142857142857, 1333.3366666666666, 23.6, 314.6666666666667, 6.7, 89.33333333333333, 0.6, 8, 1, 13.333333333333334, 0.2, 2.6666666666666665, 4.7, 62.666666666666664, 1.6, 21.333333333333332, 0.1, 1.3333333333333333, 1142.86, 936.9552380952381, 1570.86, 19942),
	(844879, 6, 2022, 6, 88, 964.2857142857143, 128.57142857142858, 160.71428571428572, 16532.04, 10.55, 124.58042857142857, 1377.67, 23.6, 325.12933333333336, 6.699999999999999, 92.30366666666667, 0.6, 8.266, 1, 13.776666666666666, 0.2, 2.755333333333333, 4.7, 64.75033333333334, 1.6, 22.042666666666666, 0.1, 1.3776666666666666, 1377.67, 1164.9189047619047, 1819.901, 16452),
	(845960, 5, 2021, 1, 20, 1535.7142857142858, 267.85714285714283, 0, 25529.98, 15.5, 282.6535714285714, 2127.4983333333334, 23.6, 502.09, 6.7, 142.5425, 0.6, 12.765, 1, 21.275000000000002, 0.2, 4.255, 4.7, 99.9925, 1.6, 34.04, 0.1, 2.1275, 1823.57, 1404.7564285714284, 2506.4975, 441),
	(848666, 5, 2021, 3, 50, 1250, 196.42857142857142, 208.33333333333334, 20949.96, 13, 194.53571428571428, 1745.83, 23.6, 412.0166666666667, 6.7, 116.97083333333335, 0.6, 10.475, 1, 17.458333333333332, 0.2, 3.4916666666666667, 4.7, 82.05416666666666, 1.6, 27.933333333333334, 0.1, 1.7458333333333333, 1745.83, 1439.5609523809524, 2306.2425000000003, 88209),
	(848672, 6, 2022, 6, 88, 1035.7142857142858, 135.71428571428572, 172.61904761904762, 17646, 11.25, 141.68571428571428, 1470.5, 23.6, 346.7626666666667, 6.7, 98.44533333333334, 0.6, 8.815999999999999, 1, 14.693333333333333, 0.2, 2.9386666666666668, 4.7, 69.05866666666667, 1.6, 23.509333333333334, 0.1, 1.4693333333333334, 1470.5, 1234.7769523809525, 1942.1560000000002, 62364),
	(850964, 6, 2022, 2, 30, 892.8571428571429, 85.71428571428571, 0, 14119.980000000001, 8.7, 87.74571428571427, 1176.6650000000002, 23.6, 277.6933333333333, 6.7, 78.83666666666666, 0.6, 7.06, 0.9999999999999999, 11.766666666666666, 0.2, 2.353333333333333, 4.7, 55.303333333333335, 1.6, 18.826666666666664, 0.1, 1.1766666666666665, 1008.57, 845.5176190476192, 1386.2799999999997, 61345),
	(851526, 6, 2022, 2, 30, 928.5714285714286, 139.28571428571428, 0, 15370.039999999999, 9.75, 107.04107142857143, 1280.8366666666666, 23.6, 302.2766666666667, 6.7, 85.81583333333333, 0.6, 7.685, 0.9999999999999999, 12.808333333333332, 0.2, 2.5616666666666665, 4.7, 60.19916666666666, 1.6, 20.493333333333332, 0.1, 1.2808333333333333, 1097.86, 908.845595238095, 1509.0075, 90464),
	(857350, 5, 2021, 4, 65, 1250, 196.42857142857142, 0, 21160.02, 13.4, 202.53142857142856, 1763.335, 23.6, 416.1466666666667, 6.7, 118.14333333333333, 0.6, 10.58, 1, 17.633333333333333, 0.2, 3.526666666666667, 4.7, 82.87666666666667, 1.6, 28.213333333333335, 0.1, 1.7633333333333334, 1511.43, 1196.0452380952381, 2077.46, 10646),
	(862213, 5, 2021, 6, 88, 1178.5714285714287, 107.14285714285714, 0, 19231.940000000002, 12.350000000000001, 169.6537142857143, 1602.6616666666669, 23.600000000000005, 378.2293333333334, 6.7, 107.37866666666667, 0.6, 9.616, 1, 16.026666666666667, 0.19999999999999998, 3.2053333333333334, 4.7, 75.32533333333335, 1.5999999999999999, 25.642666666666667, 0.09999999999999999, 1.6026666666666667, 1373.71, 1101.485619047619, 1888.1660000000002, 20704),
	(869808, 6, 2022, 5, 75, 928.5714285714286, 139.28571428571428, 0, 16000.039999999999, 10.55, 120.57142857142857, 1142.857142857143, 23.6, 314.6666666666667, 6.7, 89.33333333333333, 0.6, 8, 1, 13.333333333333334, 0.2, 2.6666666666666665, 4.7, 62.666666666666664, 1.6, 21.333333333333332, 0.1, 1.3333333333333333, 1142.857142857143, 936.9523809523811, 1570.857142857143, 86402),
	(870649, 5, 2021, 1, 20, 928.5714285714286, 139.28571428571428, 154.76190476190476, 15230.04, 9.75, 106.06607142857142, 1269.17, 23.6, 299.52333333333337, 6.7, 85.03416666666666, 0.6, 7.614999999999999, 1.0000000000000002, 12.691666666666668, 0.2, 2.5383333333333336, 4.7, 59.65083333333333, 1.6, 20.30666666666667, 0.1, 1.2691666666666668, 1269.17, 1081.877261904762, 1676.5725, 63535),
	(871310, 5, 2021, 5, 75, 928.5714285714286, 139.28571428571428, 0, 16000.039999999999, 10.55, 120.57142857142857, 1333.3366666666666, 23.6, 314.6666666666667, 6.7, 89.33333333333333, 0.6, 8, 1, 13.333333333333334, 0.2, 2.6666666666666665, 4.7, 62.666666666666664, 1.6, 21.333333333333332, 0.1, 1.3333333333333333, 1142.86, 936.9552380952381, 1570.86, 98283),
	(877079, 6, 2022, 5, 75, 1178.5714285714287, 107.14285714285714, 0, 19049.940000000002, 12.350000000000001, 168.0482142857143, 1360.7142857142858, 23.6, 374.65000000000003, 6.699999999999999, 106.3625, 0.6, 9.525, 1, 15.875, 0.2, 3.1750000000000003, 4.7, 74.6125, 1.6, 25.400000000000002, 0.1, 1.5875000000000001, 1360.7142857142858, 1091.0660714285714, 1870.3017857142859, 94266),
	(883173, 6, 2022, 4, 65, 1464.2857142857142, 107.14285714285714, 0, 22910.02, 13.85, 226.64535714285714, 1909.1683333333333, 23.6, 450.56333333333333, 6.7, 127.91416666666667, 0.6, 11.455, 1, 19.091666666666665, 0.2, 3.8183333333333334, 4.7, 89.73083333333334, 1.6, 30.546666666666667, 0.1, 1.9091666666666667, 1636.43, 1287.5979761904764, 2249.2724999999996, 15923),
	(883254, 5, 2021, 2, 30, 892.8571428571429, 85.71428571428571, 0, 14119.980000000001, 8.7, 87.74571428571427, 1176.6650000000002, 23.6, 277.6933333333333, 6.7, 78.83666666666666, 0.6, 7.06, 0.9999999999999999, 11.766666666666666, 0.2, 2.353333333333333, 4.7, 55.303333333333335, 1.6, 18.826666666666664, 0.1, 1.1766666666666665, 1008.57, 845.5176190476192, 1386.2799999999997, 12449),
	(886335, 6, 2022, 4, 65, 892.8571428571429, 85.71428571428571, 0, 14609.98, 8.7, 90.79071428571429, 1217.4983333333332, 23.6, 287.33, 6.7, 81.5725, 0.6, 7.305, 1, 12.174999999999999, 0.2, 2.435, 4.7, 57.2225, 1.6, 19.48, 0.1, 1.2175, 1043.57, 874.8592857142856, 1434.3874999999998, 86645),
	(894041, 5, 2021, 6, 88, 1178.5714285714287, 107.14285714285714, 196.42857142857142, 19245.96, 12.350000000000001, 169.6537142857143, 1603.83, 23.600000000000005, 378.2293333333334, 6.7, 107.37866666666667, 0.6, 9.616, 1, 16.026666666666667, 0.19999999999999998, 3.2053333333333334, 4.7, 75.32533333333335, 1.5999999999999999, 25.642666666666667, 0.09999999999999999, 1.6026666666666667, 1603.83, 1331.6056190476188, 2118.286, 50163),
	(896151, 6, 2022, 0, 0, 1392.857142857143, 267.85714285714283, 0, 23249.940000000002, 14.25, 236.65178571428572, 1937.4950000000001, 23.6, 457.25, 6.7, 129.8125, 0.6, 11.625, 1, 19.375, 0.2, 3.875, 4.7, 91.0625, 1.6, 31, 0.1, 1.9375, 1660.71, 1300.0582142857143, 2282.6475, 85839),
	(897685, 6, 2022, 3, 50, 892.8571428571429, 85.71428571428571, 148.8095238095238, 14430, 8.7, 89.48571428571425, 1202.5, 23.6, 283.2, 6.700000000000001, 80.39999999999999, 0.6, 7.199999999999998, 1, 11.999999999999998, 0.2, 2.4, 4.7, 56.399999999999984, 1.6, 19.2, 0.1, 1.2, 1202.5, 1036.2142857142856, 1587.7000000000003, 33105),
	(900867, 5, 2021, 2, 30, 1035.7142857142858, 135.71428571428572, 0, 16820.02, 10.55, 126.75071428571428, 1401.6683333333333, 23.6, 330.79333333333335, 6.7, 93.91166666666668, 0.6, 8.41, 1, 14.016666666666666, 0.2, 2.8033333333333332, 4.7, 65.87833333333333, 1.6, 22.426666666666666, 0.1, 1.4016666666666666, 1201.43, 984.9726190476191, 1651.365, 10761),
	(901882, 6, 2022, 2, 30, 964.2857142857143, 128.57142857142858, 0, 15720.039999999999, 9.75, 109.47857142857143, 1310.0033333333333, 23.6, 309.16, 6.7, 87.77, 0.6, 7.859999999999999, 0.9999999999999999, 13.1, 0.2, 2.62, 4.7, 61.57, 1.6, 20.96, 0.1, 1.31, 1122.86, 929.5414285714286, 1543.3699999999997, 2868),
	(903360, 6, 2022, 4, 65, 1035.7142857142858, 135.71428571428572, 0, 17310.02, 11.25, 139.09821428571428, 1236.4285714285713, 23.6, 340.43, 6.7, 96.6475, 0.6, 8.655, 1, 14.424999999999999, 0.19999999999999998, 2.885, 4.7, 67.7975, 1.5999999999999999, 23.08, 0.09999999999999999, 1.4425, 1236.4285714285713, 1005.0103571428572, 1699.4710714285713, 2275),
	(906255, 6, 2022, 2, 30, 892.8571428571429, 85.71428571428571, 0, 14119.980000000001, 8.7, 87.74571428571427, 1008.5714285714286, 23.6, 277.6933333333333, 6.7, 78.83666666666666, 0.6, 7.06, 0.9999999999999999, 11.766666666666666, 0.2, 2.353333333333333, 4.7, 55.303333333333335, 1.6, 18.826666666666664, 0.1, 1.1766666666666665, 1008.5714285714286, 845.5190476190477, 1386.2814285714283, 12449),
	(908333, 5, 2021, 4, 65, 1250, 196.42857142857142, 208.33333333333334, 21159.96, 13.4, 202.53142857142856, 1763.33, 23.6, 416.1466666666667, 6.7, 118.14333333333333, 0.6, 10.58, 1, 17.633333333333333, 0.2, 3.526666666666667, 4.7, 82.87666666666667, 1.6, 28.213333333333335, 0.1, 1.7633333333333334, 1763.33, 1447.9452380952382, 2329.3599999999997, 39481),
	(911095, 6, 2022, 1, 20, 1071.4285714285713, 114.28571428571429, 0, 16879.940000000002, 10.55, 127.20285714285714, 1406.6616666666669, 23.6, 331.9733333333333, 6.7, 94.24666666666667, 0.6, 8.44, 1, 14.066666666666668, 0.2, 2.813333333333333, 4.7, 66.11333333333333, 1.6, 22.506666666666664, 0.1, 1.4066666666666665, 1205.71, 988.4804761904762, 1657.25, 46222),
	(919839, 6, 2022, 2, 30, 1178.5714285714287, 107.14285714285714, 0, 18419.940000000002, 11.95, 157.22785714285715, 1315.7142857142858, 23.6, 362.26, 6.700000000000001, 102.84500000000001, 0.6, 9.209999999999999, 1, 15.35, 0.2, 3.0700000000000003, 4.7, 72.145, 1.6, 24.560000000000002, 0.1, 1.5350000000000001, 1315.7142857142858, 1060.2464285714286, 1808.4492857142857, 83423),
	(921659, 6, 2022, 2, 30, 1035.7142857142858, 135.71428571428572, 0, 16820.02, 10.55, 126.75071428571428, 1201.4285714285713, 23.6, 330.79333333333335, 6.7, 93.91166666666668, 0.6, 8.41, 1, 14.016666666666666, 0.2, 2.8033333333333332, 4.7, 65.87833333333333, 1.6, 22.426666666666666, 0.1, 1.4016666666666666, 1201.4285714285713, 984.9711904761904, 1651.3635714285713, 30792),
	(922446, 6, 2022, 4, 65, 1071.4285714285713, 114.28571428571429, 178.57142857142858, 17510.04, 11.25, 140.70535714285714, 1459.17, 23.599999999999998, 344.3633333333333, 6.7, 97.76416666666667, 0.6, 8.755, 1, 14.591666666666667, 0.20000000000000004, 2.9183333333333334, 4.7, 68.58083333333333, 1.6000000000000003, 23.346666666666668, 0.10000000000000002, 1.4591666666666667, 1459.17, 1225.0779761904762, 1927.5625, 36874),
	(925638, 5, 2021, 0, 0, 1464.2857142857142, 107.14285714285714, 244.04761904761904, 21999.96, 13.85, 217.64285714285714, 1833.33, 23.600000000000005, 432.66666666666674, 6.7, 122.83333333333333, 0.6, 11, 1, 18.333333333333332, 0.2, 3.6666666666666665, 4.7, 86.16666666666667, 1.6, 29.333333333333332, 0.1, 1.8333333333333333, 1833.33, 1498.3538095238096, 2421.8300000000004, 9330),
	(925714, 6, 2022, 3, 50, 964.2857142857143, 128.57142857142858, 0, 16000.039999999999, 10.55, 120.57142857142857, 1142.857142857143, 23.6, 314.6666666666667, 6.7, 89.33333333333333, 0.6, 8, 1, 13.333333333333334, 0.2, 2.6666666666666665, 4.7, 62.666666666666664, 1.6, 21.333333333333332, 0.1, 1.3333333333333333, 1142.857142857143, 936.9523809523811, 1570.857142857143, 68402),
	(929272, 5, 2021, 3, 50, 1250, 196.42857142857142, 208.33333333333334, 20949.96, 13, 194.53571428571428, 1745.83, 23.6, 412.0166666666667, 6.7, 116.97083333333335, 0.6, 10.475, 1, 17.458333333333332, 0.2, 3.4916666666666667, 4.7, 82.05416666666666, 1.6, 27.933333333333334, 0.1, 1.7458333333333333, 1745.83, 1439.5609523809524, 2306.2425000000003, 52738),
	(932162, 6, 2022, 0, 0, 1535.7142857142858, 267.85714285714283, 0, 25249.98, 15.5, 279.55357142857144, 1803.5714285714287, 23.6, 496.5833333333333, 6.7, 140.97916666666666, 0.6, 12.625, 1, 21.041666666666668, 0.2, 4.208333333333333, 4.7, 98.89583333333333, 1.6, 33.666666666666664, 0.1, 2.1041666666666665, 1803.5714285714287, 1389.3511904761904, 2479.0089285714284, 31722),
	(932195, 5, 2021, 2, 30, 1250, 196.42857142857142, 208.33333333333334, 20709.96, 13, 191.93571428571428, 1725.83, 23.6, 406.51000000000005, 6.7, 115.40750000000001, 0.6, 10.334999999999999, 1, 17.224999999999998, 0.2, 3.4450000000000003, 4.7, 80.9575, 1.6, 27.560000000000002, 0.1, 1.7225000000000001, 1725.83, 1423.6542857142856, 2278.7525, 13453),
	(936167, 5, 2021, 3, 50, 1035.7142857142858, 135.71428571428572, 0, 17100.02, 11.25, 137.41071428571428, 1425.0016666666668, 23.6, 336.3, 6.7, 95.47500000000001, 0.6, 8.549999999999999, 1, 14.25, 0.20000000000000004, 2.85, 4.7, 66.97500000000001, 1.6000000000000003, 22.8, 0.10000000000000002, 1.425, 1221.43, 992.819285714286, 1678.8549999999998, 80932),
	(951801, 5, 2021, 6, 88, 928.5714285714286, 139.28571428571428, 0, 16182.039999999999, 10.55, 121.94292857142857, 1348.5033333333333, 23.6, 318.24600000000004, 6.700000000000001, 90.34950000000002, 0.6, 8.091, 1, 13.485, 0.20000000000000004, 2.6970000000000005, 4.7, 63.37950000000001, 1.6000000000000003, 21.576000000000004, 0.10000000000000002, 1.3485000000000003, 1155.86, 947.6130714285713, 1588.7284999999997, 65861),
	(973184, 6, 2022, 4, 65, 1035.7142857142858, 135.71428571428572, 0, 17310.02, 11.25, 139.09821428571428, 1442.5016666666668, 23.6, 340.43, 6.7, 96.6475, 0.6, 8.655, 1, 14.424999999999999, 0.19999999999999998, 2.885, 4.7, 67.7975, 1.5999999999999999, 23.08, 0.09999999999999999, 1.4425, 1236.43, 1005.0117857142859, 1699.4725, 46663),
	(975976, 6, 2022, 1, 20, 892.8571428571429, 85.71428571428571, 148.8095238095238, 14000.04, 6.5, 64.90714285714286, 1166.67, 23.6, 274.94, 6.7, 78.05499999999999, 0.6, 6.989999999999999, 1.0000000000000002, 11.65, 0.2, 2.33, 4.7, 54.754999999999995, 1.6, 18.64, 0.1, 1.165, 1166.67, 1027.202857142857, 1540.6350000000002, 22356),
	(980235, 5, 2021, 7, 95, 964.2857142857143, 128.57142857142858, 0, 16630.039999999997, 10.55, 125.31892857142857, 1385.8366666666664, 23.6, 327.0566666666667, 6.7, 92.85083333333334, 0.6, 8.315, 1, 13.858333333333334, 0.2, 2.7716666666666665, 4.7, 65.13416666666667, 1.6, 22.173333333333332, 0.1, 1.3858333333333333, 1187.86, 973.8477380952379, 1632.7125, 86137),
	(980324, 6, 2022, 1, 20, 1178.5714285714287, 107.14285714285714, 0, 18279.940000000002, 11.95, 156.03285714285715, 1305.7142857142858, 23.6, 359.50666666666666, 6.7, 102.06333333333333, 0.6, 9.14, 1, 15.233333333333334, 0.2, 3.046666666666667, 4.7, 71.59666666666666, 1.6, 24.373333333333335, 0.1, 1.5233333333333334, 1305.7142857142858, 1052.1880952380955, 1794.7042857142858, 33599),
	(984526, 5, 2021, 3, 50, 1250, 196.42857142857142, 0, 20950.02, 13, 194.53571428571428, 1745.835, 23.6, 412.0166666666667, 6.7, 116.97083333333335, 0.6, 10.475, 1, 17.458333333333332, 0.2, 3.4916666666666667, 4.7, 82.05416666666666, 1.6, 27.933333333333334, 0.1, 1.7458333333333333, 1496.43, 1190.1609523809525, 2056.8425, 17293),
	(986460, 6, 2022, 8, 105, 964.2857142857143, 128.57142857142858, 160.71428571428572, 16770, 10.55, 126.37392857142856, 1397.5, 23.6, 329.81, 6.699999999999999, 93.6325, 0.6, 8.385, 1, 13.975, 0.2, 2.795, 4.7, 65.6825, 1.6, 22.36, 0.1, 1.3975, 1397.5, 1181.6860714285717, 1846.0974999999999, 87080),
	(996830, 5, 2021, 4, 65, 1392.857142857143, 267.85714285714283, 0, 24159.940000000002, 15, 258.85714285714283, 2013.3283333333336, 23.6, 475.1466666666667, 6.7, 134.89333333333335, 0.6, 12.08, 1, 20.133333333333333, 0.2, 4.026666666666666, 4.7, 94.62666666666667, 1.6, 32.21333333333333, 0.1, 2.013333333333333, 1725.71, 1337.999523809524, 2371.99, 78351),
	(999398, 6, 2022, 5, 75, 1178.5714285714287, 107.14285714285714, 0, 19049.940000000002, 12.350000000000001, 168.0482142857143, 1587.4950000000001, 23.6, 374.65000000000003, 6.699999999999999, 106.3625, 0.6, 9.525, 1, 15.875, 0.2, 3.1750000000000003, 4.7, 74.6125, 1.6, 25.400000000000002, 0.1, 1.5875000000000001, 1360.71, 1091.0617857142856, 1870.2975000000001, 94266);

-- Volcando estructura para tabla nominas.trabajadorbbdd
CREATE TABLE IF NOT EXISTS `trabajadorbbdd` (
  `idTrabajador` int NOT NULL DEFAULT '10',
  `Nombre` varchar(50) NOT NULL,
  `Apellido1` varchar(75) NOT NULL,
  `Apellido2` varchar(75) DEFAULT NULL,
  `NIFNIE` varchar(10) NOT NULL,
  `email` varchar(75) DEFAULT NULL,
  `FechaAlta` date DEFAULT NULL,
  `CodigoCuenta` varchar(20) DEFAULT NULL,
  `IBAN` varchar(24) DEFAULT NULL,
  `IdEmpresa` int NOT NULL DEFAULT '10',
  `IdCategoria` int NOT NULL DEFAULT '10',
  PRIMARY KEY (`idTrabajador`),
  KEY `IdEmpresa _idx` (`IdEmpresa`),
  KEY `IdCategoria _idx` (`IdCategoria`),
  CONSTRAINT `IdEmpresa ` FOREIGN KEY (`IdEmpresa`) REFERENCES `empresas` (`IdEmpresa`)
) ENGINE=InnoDB DEFAULT CHARSET=utf8mb4 COLLATE=utf8mb4_0900_ai_ci;

-- Volcando datos para la tabla nominas.trabajadorbbdd: ~98 rows (aproximadamente)
INSERT INTO `trabajadorbbdd` (`idTrabajador`, `Nombre`, `Apellido1`, `Apellido2`, `NIFNIE`, `email`, `FechaAlta`, `CodigoCuenta`, `IBAN`, `IdEmpresa`, `IdCategoria`) VALUES
	(441, 'Pilar', 'Molina', 'Vara', '', 'VMP00@TecnoProyectSL.es', '2016-12-01', '20960056133231500000', 'ES2220960056133231500000', 25965, 31039),
	(882, 'Abel', 'Gonz谩lez', 'R铆o', '09570262P', 'RGA00@TecnoProyectSL.es', '1999-11-01', '44875664127231645789', 'ES8244875664127231645789', 25965, 54115),
	(2275, 'Rosario', 'Laiz', 'Dom铆nguez', '09548451R', 'DLR00@PBlankSA.es', '2009-09-01', '25165151118666365100', 'ES3925165151118666365100', 86077, 63838),
	(2868, 'Latifa Epfouad Erre', 'Boughaza', 'Boughaza', 'Y0806930N', 'BBL01@TecnoLeonSL.es', '2014-11-01', '23455254943263234457', 'ES5023455254943263234457', 46081, 48112),
	(3048, 'Alencar', 'Alves', 'Lidiane', 'Y1337652D', 'LAA00@TecnoProyectSL.es', '2013-06-01', '20960043043554600000', 'FI5620960043043554600000', 25965, 54115),
	(3096, 'In茅s', 'Riverto', 'Fuertes', '09548150E', 'FRI00@TecnoLeonSL.es', '2005-07-01', '32574512085411002255', 'SE6832574512085411002255', 46081, 27244),
	(3887, 'Gonzalo', 'Casta帽eda', 'Garc铆a', '09570242B', 'GCG00@APhonSA.es', '2011-05-01', '36250012804785523365', 'CZ9536250012804785523365', 73928, 24890),
	(6924, 'Lorena', 'Garc铆a', 'Pasado', '01234567L', 'PGL01@TecnoProyectSL.es', '2015-11-01', '20960043033000100000', 'ES8020960043033000100000', 25965, 24890),
	(7766, 'Montserrat', 'Cembranos', 'Lomb谩s', '24304263W', 'LCM00@TecnoLeonSL.es', '2011-10-01', '21346154503164978451', 'DE6721346154503164978451', 46081, 27496),
	(8372, 'Iv谩n', 'Carpintero', 'Cepin', '12649208J', 'CCI00@PBlankSA.es', '2006-03-01', '66649444162310000255', 'ES2766649444162310000255', 86077, 48112),
	(9330, 'Mauro', 'Belerda', 'Aparicio', '09458455G', 'ABM00@PBlankSA.es', '2020-01-01', '96431245118150005156', 'ES9596431245118150005156', 86077, 79081),
	(10378, 'Sonia', 'Sevillano', 'Gomez', '09548150E', 'GSS00@APhonSA.es', '2019-09-01', '65645150865168448896', 'AT8365645150865168448896', 73928, 35354),
	(10646, 'Cristina', 'Salas', 'Benavides', '09719898Y', 'BSC01@Asoftware.es', '2007-08-01', '26221011628048788896', 'ES7426221011628048788896', 72100, 54115),
	(10761, 'Soledad', 'Arias', 'Diez', '09786363R', 'DAS00@APhonSA.es', '2014-02-01', '23215465315456411515', 'EE2023215465315456411515', 73928, 63838),
	(12449, 'Dolores', 'Santiago', 'L贸pez', '09548416N', 'LSD00@Asoftware.es', '2013-10-01', '32541112811220000588', 'DK9032541112811220000588', 72100, 27496),
	(13211, 'Herminia', 'Sant铆n', 'Fern谩ndez', '10405904Z', 'FSH00@TecnoLeonSL.es', '2021-07-01', '62541122421110105611', 'LT9362541122421110105611', 46081, 58223),
	(13453, 'Felix', 'Gomara', 'Iban', '09689676Y', 'IGF00@TecnoLeonSL.es', '2013-08-01', '31624561042546920007', 'ES6931624561042546920007', 46081, 54115),
	(15259, 'Clara', 'Presa', 'Alvarez', '71425232C', 'APC00@Asoftware.es', '2013-06-01', '36245978133245679001', 'ES5736245978133245679001', 72100, 58223),
	(15923, 'Vittorio', 'Baglione', NULL, 'X1673150S', 'BV00@TecnoProyectSL.es', '2007-10-01', '00750184310702510000', 'BE9400750184310702510000', 25965, 79081),
	(16452, 'Bernardo', 'Chamorro', 'Castellanos', '09634700T', 'CCB00@TecnoProyectSL.es', '2003-09-01', '96536214865214585214', 'ES2396536214865214585214', 25965, 48112),
	(17293, 'Diana', 'Fidalgo', 'Fern谩ndez', '71393411P', 'FFD00@APhonSA.es', '2010-05-01', '32154697195423121000', 'ES6832154697195423121000', 73928, 54115),
	(17918, 'Francisco', 'Robles', 'Dominguez', '09548443Q', 'DRF00@TecnoLeonSL.es', '2017-07-01', '31215643855060225021', 'ES5631215643855060225021', 46081, 48112),
	(19942, 'Daniel', 'Herreras', 'Domingo', '71406027C', 'DHD00@Asoftware.es', '2010-12-01', '62581542713690044508', 'ES8462581542713690044508', 72100, 48112),
	(20199, 'Consuelo', 'Francisco', 'L贸pez', '09632873J', 'LFC00@APhonSA.es', '2012-03-01', '20008521528775113366', 'GB5520008521528775113366', 73928, 66153),
	(20270, 'Antonio', 'Bueno', 'Garc铆a', '09741995T', 'GBA01@TecnoLeonSL.es', '2010-06-01', '20960043032159000000', 'ES3720960043032159000000', 46081, 24890),
	(20704, 'Agust铆n', 'Benavides', 'Castro', '09458455G', 'CBA00@PBlankSA.es', '2000-11-01', '25030000114574745458', 'AT6825030000114574745458', 86077, 58223),
	(22223, 'Roc铆o', 'Andr茅s', 'Gil', '09481741Z', 'GAR00@APhonSA.es', '2014-02-01', '32566221522587754554', 'LT8032566221522587754554', 73928, 63838),
	(22356, 'Braulio', 'Feliz', 'Pisabarro', '09685088H', 'PFB00@TecnoProyectSL.es', '2017-06-01', '22631245526916432102', 'DE7822631245526916432102', 25965, 27496),
	(22701, 'Andr茅s', 'Getino', 'Serrano', '09724050H', 'SGA00@Asoftware.es', '2011-01-01', '12548523465214585214', 'ES9012548523465214585214', 72100, 58223),
	(22899, 'Diego', 'Garc铆a', 'Fresco', '09785530L', 'FGD00@APhonSA.es', '2005-06-01', '36585214290025478551', 'GB836585214290025478551', 73928, 24890),
	(23775, 'Eulalia', 'Cascallana', 'Jaular', '02614035Q', 'JCE00@TecnoLeonSL.es', '2009-11-01', '52198484752100515144', 'ES4352198484752100515144', 46081, 35354),
	(24361, 'Cruz', 'Del', NULL, '09548495E', 'FDC00@APhonSA.es', '2017-02-01', '21654587985156484454', 'ES7521654587985156484454', 73928, 48112),
	(25499, 'Emiliano', 'Castro', 'Puente', '09738010V', 'PCE00@Asoftware.es', '2003-09-01', '22515651915640081000', 'AT3122515651915640081000', 72100, 31039),
	(25929, 'Carlos', 'Pardo', NULL, '71393419Q', 'DPC00@Asoftware.es', '2005-12-01', '55065688761051056105', 'ES6855065688761051056105', 72100, 48112),
	(26356, 'Marta', 'Coello', 'Castro', '24571671N', 'CCM01@TecnoProyectSL.es', '2008-12-01', '20960043073071400000', 'ES5020960043073071400000', 25965, 66153),
	(27136, 'Clementina', 'Montiel', 'Mart铆nes', '09714235R', 'MMC00@APhonSA.es', '2015-07-01', '63516541828944000984', 'ES8163516541828944000984', 73928, 25446),
	(28888, 'Latifa', 'Boughaza', NULL, 'Y0806930N', 'BL00@Asoftware.es', '2020-04-01', '00750184310702510000', 'DK5800750184310702510000', 72100, 48112),
	(29351, 'Adolfo', 'Bayon', 'Blanco', '12160221Y', 'BBA00@PBlankSA.es', '2006-11-01', '25894363475485700145', 'SM2125894363475485700145', 86077, 24890),
	(30100, 'Nelida', 'Charro', 'Alonso', '09548290R', 'ACN00@PBlankSA.es', '2008-06-01', '85461325251978750005', 'ES6885461325251978750005', 86077, 63838),
	(30618, 'Juan', 'Martinez', 'Fernandez', '01234567L', 'FMJ00@TecnoProyectSL.es', '2014-03-01', '20960583831234500000', 'ES3220960583831234500000', 25965, 24890),
	(30792, 'Khadouj', 'Elammary', NULL, '09548827D', 'EK00@TecnoProyectSL.es', '2013-10-01', '20910936583000000000', 'GB9720910936583000000000', 25965, 63838),
	(31722, 'Israel', 'Alonso', 'Rodr铆guez', '10940987W', 'RAI00@TecnoLeonSL.es', '2020-02-01', '36520125638451012515', 'MC6436520125638451012515', 46081, 31039),
	(33105, 'H茅ctor', 'Melc贸n', 'Otero', '09548392B', 'OMH00@TecnoLeonSL.es', '2011-05-01', '32628484504115151115', 'LU932628484504115151115', 46081, 27496),
	(33599, 'Demetrio', 'Aller', 'Castrillo', '09611071S', 'CAD00@Asoftware.es', '2018-01-01', '65614874165615445616', 'ES8265614874165615445616', 72100, 58223),
	(35756, 'Souad', 'Elbada', NULL, 'X8996448K', 'ES00@Asoftware.es', '2015-04-01', '01821135910205540000', 'DE9301821135910205540000', 72100, 98108),
	(36874, 'Elena', 'Garc铆a', 'Garc铆a', '71404625K', 'GGE00@Asoftware.es', '2009-08-01', '21651651812511133551', 'ES9021651651812511133551', 72100, 98108),
	(38821, 'Germ谩n', 'Aller', 'Bariales', '09314602Q', 'BAG00@TecnoLeonSL.es', '2019-06-01', '32569523016220165156', 'RO8832569523016220165156', 46081, 54115),
	(39481, 'Carmen', 'Diez', 'L贸pez', '71404623L', 'LDC00@Asoftware.es', '2008-09-01', '51651681961210656510', 'ES3251651681961210656510', 72100, 54115),
	(41392, 'Encarnaci贸n', 'S谩nchez', 'Herrero', '09570211A', 'HSE00@Asoftware.es', '2021-05-01', '51556584221251000254', 'IE6851556584221251000254', 72100, 63838),
	(42107, 'Dorina', 'Bueno', 'Gonz谩lez', '71609083D', 'GBD00@Asoftware.es', '2010-10-01', '12669681115112121210', 'DE5512669681115112121210', 72100, 58223),
	(44060, 'Elisa', 'Fidalgo', 'Mart铆nez', '71393352H', 'MFE00@APhonSA.es', '2017-11-01', '36521452736500658485', 'GR3836521452736500658485', 73928, 66153),
	(45834, 'Mar铆a', 'Calleja', 'Vega', '09769669M', 'VCM00@PBlankSA.es', '1999-11-01', '64578946740051516490', 'PT5764578946740051516490', 86077, 54115),
	(46165, 'Luis', 'Benito', 'Benito', '09548505D', 'BBL00@PBlankSA.es', '2013-10-01', '15953684811254695203', 'IT8915953684811254695203', 86077, 63838),
	(46196, 'Rosa', 'Gal谩n', 'Amo', '71878948S', 'AGR00@TecnoLeonSL.es', '2006-06-01', '51651487910005118185', 'ES6851651487910005118185', 46081, 66153),
	(46222, 'Casimiro', 'Gonz谩lez', 'Alonso', '09570285P', 'AGC00@APhonSA.es', '2018-07-01', '36154231712500312566', 'ES1436154231712500312566', 73928, 98108),
	(46464, 'Miguel ngel', 'Morala', 'Bernal', '09806572Q', 'BMM00@TecnoProyectSL.es', '2019-07-01', '23658965274585223202', 'ES6223658965274585223202', 25965, 98108),
	(46663, 'Ismael', 'Fern谩ndez', 'Fresco', '09545570H', 'FFI00@TecnoLeonSL.es', '2009-07-01', '25635478321002541225', 'SM7325635478321002541225', 46081, 63838),
	(46884, 'Alencar', 'Alves', 'Lidiane', 'Y1337652D', 'LAA01@TecnoProyectSL.es', '2014-02-01', '21564975243245467995', 'ES7921564975243245467995', 25965, 54115),
	(50163, 'Pedro', 'Olle', 'Sutil', '09548215H', 'SOP00@APhonSA.es', '2001-10-01', '23652365142254222000', 'ES7223652365142254222000', 73928, 58223),
	(50643, 'Blas', 'Nu帽ez', 'Blanco', '02031127C', 'BNB00@Asoftware.es', '2004-06-01', '32658012367712548745', 'FI6132658012367712548745', 72100, 35354),
	(52738, 'Jos茅 Antonio', 'Cerro', 'Ponga', '12684218V', 'PCJ00@TecnoProyectSL.es', '2009-09-01', '23164897642213030615', 'ES4723164897642213030615', 25965, 54115),
	(56738, 'Marta', 'Almarza', 'Garc铆a', '71404629W', 'GAM00@TecnoProyectSL.es', '2019-06-01', '24561937521546497521', 'DE7424561937521546497521', 25965, 54115),
	(57231, 'Hugo', 'Echevarria', 'Almanzar', '09810142K', 'AEH00@TecnoLeonSL.es', '2012-05-01', '66552211148855332200', 'ES5566552211148855332200', 46081, 66153),
	(58566, 'Oscar', 'M谩rquez', 'Blanco', '09548295Y', 'BMO00@APhonSA.es', '2000-09-01', '65168874641561561500', 'ES9565168874641561561500', 73928, 54115),
	(59892, 'Bonifacio', 'Alcoba', 'Alonso', '09548247G', 'AAB00@Asoftware.es', '2018-01-01', '31645124473461205164', 'DK7331645124473461205164', 72100, 58223),
	(61345, 'Rub茅n Dar铆o', 'Alvarez', 'Fuertes', '09548287K', 'FAR00@PBlankSA.es', '2013-06-01', '21651484690980008984', 'ES2821651484690980008984', 86077, 27496),
	(62364, 'Nicol谩s', 'Manzanares', 'Cadenas', '09570258G', 'CMN00@TecnoProyectSL.es', '2002-12-01', '36952365020014425254', 'PT3536952365020014425254', 25965, 63838),
	(63143, 'Marisa', 'Chen', 'Cedron', '09626048L', 'CCM00@TecnoProyectSL.es', '2016-01-01', '24587946032003165464', 'FI5024587946032003165464', 25965, 58223),
	(63535, 'Nieves', 'Guerra', 'Mor谩n', '09548486J', 'MGN00@PBlankSA.es', '2017-03-01', '33620012937852100256', 'ES1633620012937852100256', 86077, 24890),
	(65861, 'Ram贸n ', 'Prieto', 'Garc铆a', '00538394X', 'GPR00@PBlankSA.es', '2001-03-01', '23221158252545471411', 'SM4423221158252545471411', 86077, 24890),
	(68402, 'Justina', 'Mart铆nez', 'Garc铆a', '10575307E', 'GMJ00@APhonSA.es', '2010-05-01', '21416325811510005514', 'ES7221416325811510005514', 73928, 48112),
	(71607, 'Concepci贸n', 'Cabeza', 'Quintanilla', '09611100K', 'QCC00@Asoftware.es', '2011-03-01', '25516848021156151054', 'ES425516848021156151054', 72100, 24890),
	(73146, 'Vittorio', 'Baglione', 'Baglione', 'X1673150S', 'BBV00@TecnoProyectSL.es', '2007-11-01', '21584976902154655487', 'ES721584976902154655487', 25965, 79081),
	(73905, 'Sergio', 'Sutil', 'S谩nchez', '09611066X', 'SSS00@TecnoLeonSL.es', '2014-04-01', '99558741836555551120', 'HU2399558741836555551120', 46081, 27496),
	(74758, 'Laura', 'Garc铆a', 'Prieto', '09611087P', 'PGL00@TecnoLeonSL.es', '2015-06-01', '01826530120201560000', 'ES9001826530120201560000', 14329, 58223),
	(75225, 'Clotilde', 'Rodr铆guez', 'Labarga', '09785530L', 'LRC00@APhonSA.es', '2010-05-01', '65165654918886005001', 'ES1665165654918886005001', 73928, 31039),
	(75739, 'Fernando', 'Llamazares', 'Ramos', '24304263W', 'RLF00@TecnoProyectSL.es', '2009-10-01', '20960043033000100000', 'ES8020960043033000100000', 25965, 25446),
	(77000, 'Jes煤s Manuel', 'Centeno', 'Castro', 'X3607387K', 'CCJ00@PBlankSA.es', '2017-09-01', '25187786311225455548', 'ES7225187786311225455548', 86077, 27244),
	(78351, 'Sara', 'S谩nchez', 'Asensio', '09548206D', 'ASS00@Asoftware.es', '2007-05-01', '12548521518742146695', 'ES9712548521518742146695', 72100, 25446),
	(78773, 'Saaida', 'Bouzidi', NULL, 'X5106131Q', 'BS00@TecnoProyectSL.es', '2012-06-01', '20910936583000000000', 'GR4920910936583000000000', 25965, 24890),
	(79158, 'Melisa', 'Castro', 'S谩nchez', '09548501M', 'SCM00@PBlankSA.es', '1999-02-01', '21508149175421346497', 'DE5021508149175421346497', 86077, 520),
	(80932, 'Ana Isabel', 'Fern谩ndez', 'Alaiz', '09548295Y', 'AFA00@TecnoLeonSL.es', '2011-04-01', '20960043043075700000', 'ES2120960043043075700000', 14329, 63838),
	(83301, 'Miguel', 'De', NULL, '09784112G', 'ADM00@TecnoProyectSL.es', '2002-05-01', '20960043042158800000', 'ES8220960043042158800000', 25965, 98108),
	(83423, 'Julio Ernesto', 'Gutierrez', 'L贸pez', '71393396Q', 'LGJ00@APhonSA.es', '2013-06-01', '33218885441445121022', 'ES1933218885441445121022', 73928, 58223),
	(85839, 'Generoso', 'Soto', 'S谩nchez', '71393354C', 'SSG00@TecnoLeonSL.es', '2020-02-01', '26551681807651415636', 'IT3526551681807651415636', 46081, 25446),
	(86137, 'Federico', 'Candanedo', 'Portugues', '09548317M', 'PCF00@TecnoProyectSL.es', '1998-09-01', '34698752714600549403', 'ES4534698752714600549403', 25965, 48112),
	(86402, 'Ana Bel茅n', 'Prieto', 'Mar铆n', '09671968P', 'MPA00@Asoftware.es', '2006-05-01', '31245164156597845124', 'ES7631245164156597845124', 72100, 24890),
	(86645, 'Luisa', 'Gracia', 'Puerto', '09548827D', 'PGL02@TecnoProyectSL.es', '2009-09-01', '20960031442124800000', 'ES7920960031442124800000', 25965, 27496),
	(87080, 'Mario', 'Cabero', 'Iglesias', '71597570L', 'ICM00@TecnoProyectSL.es', '1997-11-01', '56187775315550000651', 'ES2956187775315550000651', 25965, 48112),
	(88209, 'Armando', 'Bienvenido', 'Garc铆a', '09611076C', 'GBA00@TecnoProyectSL.es', '2012-01-01', '20960043023096200000', 'ES9020960043023096200000', 25965, 54115),
	(90463, 'Cecilia', 'Perez', 'Garc铆a', '09771193B', 'GPC00@Asoftware.es', '2018-07-01', '95485212315484010000', 'ES7395485212315484010000', 72100, 24890),
	(90464, 'Julio Pedro', 'Otero', 'Fern谩ndez', '09632539R', 'FOJ00@APhonSA.es', '2016-01-01', '32584216971684051000', 'ES9232584216971684051000', 73928, 24890),
	(92147, 'V铆ctor', 'P茅rez', 'P茅rez', '09548283V', 'PPV00@TecnoLeonSL.es', '2020-02-01', '21856333126985542360', 'LT9321856333126985542360', 46081, 63838),
	(94266, 'Seraf铆n', 'Carro', 'Fuertes', '09758365V', 'FCS00@TecnoLeonSL.es', '2004-07-01', '23185484465641685100', 'FR5623185484465641685100', 46081, 58223),
	(95583, 'Paulina', 'Orejas', 'D铆ez', '', 'DOP00@PBlankSA.es', '2002-09-01', '20012541150023365233', 'FR3820012541150023365233', 86077, 48112),
	(97062, 'Tom谩s', 'Rodr铆guez', 'Garc铆a', '09749147E', 'GRT00@TecnoLeonSL.es', '2014-08-01', '85550564726165145610', 'AT3285550564726165145610', 46081, 54115),
	(98283, 'Francisco', 'Robles', 'Alonso', '09743327K', 'ARF00@TecnoLeonSL.es', '2005-07-01', '20960043013468900000', 'ES4420960043013468900000', 14329, 24890),
	(98433, 'Gabriel', 'Alvarez', 'Moral', '09611099C', 'MAG00@Asoftware.es', '2013-06-01', '20125003305201112544', 'GR9420125003305201112544', 72100, 27496);

/*!40103 SET TIME_ZONE=IFNULL(@OLD_TIME_ZONE, 'system') */;
/*!40101 SET SQL_MODE=IFNULL(@OLD_SQL_MODE, '') */;
/*!40014 SET FOREIGN_KEY_CHECKS=IFNULL(@OLD_FOREIGN_KEY_CHECKS, 1) */;
/*!40101 SET CHARACTER_SET_CLIENT=@OLD_CHARACTER_SET_CLIENT */;
/*!40111 SET SQL_NOTES=IFNULL(@OLD_SQL_NOTES, 1) */;
